Comuna,Clasificacion,Nombre,Ubicacion,Has.x.comuna,Observaciones,Otros
1,Plazoleta, Alfonsina Storni,"SAN JUAN, AV. - CEBALLOS, VIRREY - SOLIS - AU 25 DE MAYO",0.5380,NA,NA
1,Plazoleta, Alfonso Castelao,"IRIGOYEN, BERNARDO DE (O) - ESTADOS UNIDOS - INDEPENDENCIA, AV. - IRIGOYEN, BERNARDO DE (E)",0.2360,NA,NA
1,Plazoleta, Anibal Troilo Pichuco,"Vereda ampliada SAENZ PEÑA, ROQUE, Av. (DIAGONAL NORTE) e/ PELLEGRINI, CARLOS y SUIPACHA",0.0300,NA,NA
1,Plazoleta, Azucena Maizani,"DEL LIBERTADOR, AV. - MAIPU",0.2100,NA,NA
1,Plaza, Beatriz Guido,Cochabamba-Paseo Colon AV.- San Juan,0.1200,Puesta en valor 2017,Espacio nuevo
1,Plaza, Canada,"ANTARTIDA ARGENTINA, AV. - SAN MARTIN - MARTINEZ ZUVIRIA, GUSTAVO DR. - RAMOS MEJIA, JOSE M., DR., AV.",1.4930000000000001,NA,NA
1,Plazoleta, Canc. Miguel A. Zavala Or,"ALEM, LEANDRO N., AV. - RECONQUISTA - ROJAS",0.0310,NA,NA
1,Plazoleta, Carlos Jauregui,"COCHABAMBA 1700 Vereda impar (E/ Solís y Entre Ríos), lindando con AU 25 de Mayo",0.1840,NA,NA
1,Plaza,Cecilia Grierson,"SAN JUAN, AV. - CHACABUCO - PERU",0.2470,Instalacion de sistema de riego,NA
1,Plazoleta,Ciriaco Ortiz,"SAENZ PEÑA, ROQUE, PRES., AV. - FLORIDA - MITRE, BARTOLOME",0.0370,NA,NA
1,Plaza,Cnel. Dorrego,"DEFENSA - HUMBERTO IÝ - AIETA, ANSELMO, DON - BETHLEM",0.2070,NA,NA
1,Plazoleta,Cnel. Toribio Tedin,"PELLEGRINI, CARLOS - 9 DE JULIO, AV. - ARROYO - POSADAS",0.1210,NA,NA
1,Plaza, De Cataluña,"9 DE JULIO, AV. - CERRITO - ARROYO - POSADAS",0.3420,NA,NA
1,Plazoleta, De la Memoria,"PASEO COLON, AV. - COCHABAMBA - AU 25 DE MAYO",0.0400,NA,NA
1,Plazoleta,De San Telmo,"GARAY, JUÁN de Av. -PERÚ - Propiedad particular",0.0040,NA,NA
1,Plaza, Del Correo,"SARMIENTO - ROSALES - PERON, JUAN D., TTE. GRAL. - ALEM, LEANDRO N., AV.",0.7970,NA,NA
1,Plazoleta, Del Mercado Modelo,"DE MAYO, AV. - RIVADAVIA, AV. - SAEZ PEÑA, LUIS, PRES.",0.0630,NA,NA
1,Plazoleta, Del Tango,"SARMIENTO - BOUCHARD - CORRIENTES, AV. - ROSALES, AV.",0.3920,NA,NA
1,Plazoleta, Dr. Carlos Alberto Erro,"MADERO, EDUARDO, AV. - ROSALES, AV. - SARMIENTO",0.1560,NA,NA
1,Plazoleta,Dr. Carlos Pellegrini,"ALVEAR, AV. - ARROYO - LIBERTAD",0.1700,NA,NA
1,Plazoleta, Dr. Cesar Manuel Polledo,"PASEO COLON, AV. - INDEPENDENCIA, AV. - GIUFFRA, JOSE M., DR.",0.0280,NA,NA
1,Cantero Central, Dr. Isidoro Ruiz Moreno,CERRITO - POSADAS,0.1060,NA,NA
1,Plazoleta, Dr. Joaquin Zabala,SUIPACHA 120,0.0960,Mejora en patio de juegos,Puesta en valor 2017/2018
1,Plazoleta,Edmundo Rivero,INDEPENDENCIA 306,0.0080,NA,NA
1,Plazoleta,"Emb. de Israel ""Plzta en","ARROYO (910, 916, 920) - SUIPACHA - Propiedad particular",0.0690,NA,NA
1,Plazoleta, Estado del Vaticano,"VIAMONTE - LIBERTAD - TOSCANINI, ARTURO - CERRITO",0.5010,NA,NA
1,Plazoleta, Eva Peron,"INDEPENDENCIA, AV. - PASEO COLON, AV. - ESTADOS UNIDOS - PASEO COLON, AV",0.4620,NA,NA
1,Plaza, Garay,"GARAY, JUAN DE, AV. - SOLIS - PAVON - SAENZ PEÑA, LUIS, PRES.",16950,NA,NA
1,Plaza, Gral. Agustin P. Justo,"MORENO - AZOPARDO - BELGRANO, AV. - PASEO COLON, AV.",10140,NA,NA
1,Plazoleta,PHipolito Bouchard,"ROSALES, AV. - MADERO, EDUARDO, AV. - SARMIENTO - PERON, JUAN D., TTE. GRAL.",0.5350,NA,NA
1,Cantero central,Inf. Don Enrique El Naveg,"DE LOS ITALIANOS, AV. - SANCHEZ DE THOMPSON, MARIQUITA - NOEL, CARLOS M., INT., AV. COSTANERA - SANCHEZ DE THOMPSON, MARIQUITA",0.2010,NA,NA
1,Plazoleta, Int. Joaquin S. De Anchor,BELGRANO Av. - PIEDRAS,0.1500,NA,NA
1,Plazoleta, Jose Razzano,"ROSALES, AV. - PERON, JUAN D., TTE. GRAL. - MITRE, BARTOLOME - ALEM, LEANDRO N., AV.",0.3915,NA,NA
1,Plazoleta,Juan Carlos Castagnino,"GARAY, JUAN DE AV, NÝ 501/521 - BOLIVAR - PROPIEDAD PARTICULAR",0.0510,NA,NA
1,Plazoleta, Juvenilla,"ALVEAR, MARCELO T. DE - FLORIDA",0.0490,NA,NA
1,Plazoleta, Las Nereidas,"ACHAVAL RODRIGUEZ, TRISTAN, DR., AV. - PADRE MIGONE, M. L.",0.1180,NA,NA
1,Plaza, Lavalle,"LAVALLE - LIBERTAD - CORDOBA, AV. - TALCAHUANO",35430,NA,NA
1,Plazoleta, Leopoldo Torre Nilson,"CORDOBA, AV. - MADERO, EDUARDO AV. - BOUCHARD - VIAMONTE",0.0510,NA,NA
1,Plaza,Libertad,"LIBERTAD - ALVEAR, MARCELO T. DE - CERRITO - PARAGUAY",14040,NA,NA
1,Plaza, Lola Mora,"SAN JUAN, AV. - CEVALLOS - SAENZ PEÑA, LUIS, PRES.",0.1910,NA,NA
1,Plazoleta, M. Sanchez De Thompson,"ALEM, LEANDRO N., AV. - CORDOBA, AV. - DE LAS CATALINAS, PJE.",0.3640,NA,NA
1,Patio,Maria Luisa Bemberg,"SAN JUÁN, AV. 501/511 y BOLIVAR 1191/99.",0.0180,NA,NA
1,Plaza, Monserrat,SAN JOSE - MEXICO - CHILE - SANTIAGO DEL ESTERO,0.2700,Mejora en patio de juegos,Puesta en valor 2017/2018
1,Cantero Central, Paseo De Los Inmigrantes,"DE LOS INMIGRANTES E/ ANTARTIDA ARGENTINA Av. Y EDISON, THOMAS ALVA",14300,NA,NA
1,Plazoleta, Paul Percy Harris,ESMERALDA - ARROYO,0.0160,NA,NA
1,Plazoleta,Prov de Buenos Aires,"BRASIL, AV. - HORNOS, GRAL. - IRIGOYEN, BERNARDO DE - CASEROS, AV.",0.4970,NA,NA
1,Plazoleta," Rgto. 1º de Infanteria ""P","CORDOBA, AV. - CALLAO, AV. - MONTEVIDEO",0.3580,NA,NA
1,Plazoleta,Ricardo Tanturi,"ROCA, JULIO A., PRES., AV. - PERU - ALSINA",0.0200,NA,NA
1,Plaza, Roberto Arlt,"ESMERALDA - RIVADAVIA, AV. - PROPIEDAD PARTICULAR",0.5920,NA,Puesta en valor 2017/2018
1,Plazoleta, Rodolfo Walsh,CHILE - PERU,0.0170,NA,NA
1,Plaza, Roma,"ALEM, LEANDRO N., AV. - TUCUMAN - BOUCHARD - LAVALLE",11730,NA,NA
1,Plaza, Rosario Vera Peñaloza,"SAN JUAN, AV. - PIEDRAS - CHACABUCO",0.8390,Colocacion bomba sumergible,NA
1,Plazoleta,Rosita Quiroga,"SAENZ PEÑA ROQUE, PRES., AV. - ESMERALDA - PERON, JUAN D., TTE. GRAL.",0.0080,NA,NA
1,Plazoleta," Rawson De Dellepiane, Elvira","RAWSON DE DELLEPIANE, ELVIRA",0.7680,NA,NA
1,Plazoleta, Paseo Colon 1401-1500,PASEO COLON 1401-1500,0.2000,NA,NA
1,Plazoleta, Salvador Maria Del Carril,"GILARDI, GILARDO - RAMOS MEJIA, JOSE M., DR., AV.- MARTINEZ ZUVIRIA, GUSTAVO, DR. - SAN MARTIN",0.5300,NA,NA
1,Plazoleta, San Nicolas,"CORRIENTES, AV. - RECONQUISTA - PROPIEDAD PARTICULAR",0.1910,NA,NA
1,Plazoleta, Tte. De Nav. Candido de L,"SANTA FE, AV. - MAIPU",0.0900,NA,NA
1,Cantero Central, Juana Manso 1300 - 1900,JUANA MANSO 1300 - 1900,0.4700,NA,NA
1,Plazoleta, Predio Terminal Retiro,TERMINAL OMNIBUS DE RETIRO,15000,NA,NA
1,Plazoleta, Predio Cochabamba 200,PREDIO COCHABAMBA AL 20,0.1400,NA,NA
1,Plaza,Gendarmeria Nacional,Av. Gendarmería Nacional - Av. Antártida Argentina,0.5900,NA,NA
1,Plazoleta, San Francisco,DEFENSA - ALSINA,0.0260,NA,NA
1,Plazoleta,Peru 400,Peru 400,0.6600,NA,Espacio nuevo
1,Plazoleta,Peru 500,Peru 500,0.0228,NA,Espacio nuevo
1,Plazoleta,C01- Peru 600,Peru 600,0.0300,NA,Espacio nuevo
1,Plazoleta, Constitucion 1100,Constitucion 1100,0.0507,NA,Espacio nuevo
1,Plazoleta,Boulevard Garay,Saenz Peña y AV.Garay,0.0176,NA,Espacio nuevo
1,Plazoleta, Cazoleta Garay,Filiberto y Garay,0.0192,NA,Espacio nuevo
1,Plazoleta,Florida y San Martin,Florida y San Martin,0.0103,NA,Espacio nuevo
2,Plazoleta,Brig. Gral. Tomas de Iriar,"DEL LIBERTADOR, AV. - FIGUEROA ALCORTA, PRES., AV. 2051 - AYACUCHO - CALLE S/N (QUE LIMITA CON PLAZA DANTE/EXPLANADA DE ATC)",0.193,NA,NA
2,Cantero central,Chabuca Granda,"QUINTANA, MANUEL 601, E/ PLAZA INTENDENTE ALVEAR Y PLAZOLETA JUAN XXIII",0.2635,NA,NA
2,Plaza,De las Naciones Unidas,"FIGUEROA ALCORTA 2801, PRES., AV. - LIBRES DEL SUR, AV. - AGOTE, LUIS, DR. (TRAZA) - VIAS DEL FCGB",4.377,NA,NA
2,Plazoleta,Del Arbol,"AGÜERO 130, AGUERO - PARED MEDIANERA",0.079,NA,NA
2,Plaza,Del Lector,"AGUERO - LAS HERAS, GRL., AV.",0.292,NA,NA
2,Plaza,Dr. Bernardo A. Houssay,"CÓRDOBA AV 2101, URIBURU, JOSE E., PRES. - PARAGUAY - JUNIN",1.873,NA,NA
2,Plazoleta,E. Pichon Riviere,"SANTA FE, AV. 2257",0.147,NA,NA
2,Plazoleta,Enrique Udaondo,"JUNCAL 1551, ARENALES - MONTEVIDEO",0.151,NA,NA
2,Plaza,Evita,"DEL LIBERTADOR 1601, AV. - AGUERO - PROPIEDAD PARTICULAR - AUSTRIA",1.277,NA,NA
2,Vereda Verde,Facultad De Derecho,FIGUEROA ALCORTA AV. E/ PUEYRREDON Y AUTRIA,0.15,NA,NA
2,Plazoleta,Florencio Escardo,SANCHEZ DE BUSTAMANTE 1301 Y PARAGUAY,0.0294,NA,NA
2,Plaza,Francia,"AV.PUEYRREDÓN 2501, DEL LIBERTADOR, AV. - LEVENE, RICARDO, DR., AV. - AGOTE, LUIS, DR.",1.563,NA,NA
2,Plazoleta,Gelly y Obes,"GELLY Y OBES 2301, GRAL., AV. - GALILEO - NEWTON - GUIDO",0.012,NA,NA
2,Plaza,Int. Torcuato de Alvear,"JUNÍN 1901, DEL LIBERTADOR, AV. - PUEYRREDON, AV. - CENTRO CULTURAL RECOLETA - QUINTANA, MANUEL, PRES., AV. - HAEDO, EDUARDO V., PRES.- ALVEAR, AV.",2.7714,Colocacion de bomba sumergible,NA
2,Jardin,Jardin de los Maestros,PIZZURNO 901 - RODRIGUEZ PEÑA - MARCELO T DE ALVEAR -,0.477,Reparacion del riego,NA
2,Plaza,Jorge L. Borges,"AUSTRIA 2501,LAS HERAS",0.054,NA,NA
2,Plazoleta,Juan XXIII,"JUNÍN 1901, ORTIZ, ROBERTO M., GUIDO - QUINTANA, MANUEL, PRES., AV.",1.1634,NA,NA
2,Plazoleta,Julio de Caro,"POSADAS 1701, DEL LIBERTADOR, AV. - SCHIAFFINO, EDUARDO",0.859,NA,NA
2,Plaza,M. Mujica Lainez,"VICENTE LOPEZ 1901, VICENTE LÓPEZ Y JUNÍN",0.225,NA,NA
2,Plazoleta,Maimonides,"CORDOBA, AV. - URIBURU, JOSE E., PRES. - (HOSPITAL DE CLINICAS)",0.242,NA,NA
2,Plaza,Mitre Bartolome,"DEL LIBERTADOR 1501, AV. - AGOTE, LUIS - PROPIEDAD PARTICULAR - REPUBLICA DEL LIBANO - ARJONILLA - AGÜERO",1.968,NA,NA
2,Plazoleta,Orencio P. Rodriguez,"MANSILLA 2501, LUCIO NORBERTO, GRAL. - CHARCAS - ECUADOR",0.079,NA,Puesta en valor 2017/2018
2,Plazoleta,Petronila Rodriguez,"RODRIGUEZ PEÑA 851 - PARAGUAY - CAPDEVILA, ARTURO",0.203,NA,NA
2,Plaza,Ramon J. Carcano,"HAEDO 1901. QUINTANA , MANUEL, PRES., AV. - ORTIZ, ROBERTO M., PRES., AV. - ALVEAR, AV. - HAEDO, EDUARDO V., PRES.",0.235,NA,NA
2,Plazoleta,Reino de Tailandia,"LAS HERAS 2201 , AV. - PUEYRREDON, AV. - AGOTE, LUIS, DR. - LOPEZ, VICENTE",0.12,NA,NA
2,Plaza,Rep. del Paraguay,"LARREA 1501, BARRIENTOS - PEÑA - PACHECO DE MELO, JOSE A.",0.512,NA,NA
2,Plaza,Rep. Fed. de Brasil,"FIGUEROA ALCORTA, PRES., GONZALEZ, JULIO VICTOR (FACULTAD DE DERECHO) Y CEC (CENTRO DE EXPOSICIONES Y CONVENCIONES)",2.028,NA,NA
2,Plaza,Rep. Oriental del Uruguay,"AUSTRIA 2701, DEL LIBERTADOR, AV.- TAGLE - FIGUEROA ALCORTA, PRES., AV. - AUSTRIA",3.792,NA,NA
2,Plaza,Rodriguez Peña,"CALLAO 901, AV,- ALVEAR, MARCELO T. DE - RODRIGUEZ PEÑA - PARAGUAY",1.699,NA,NA
2,Plaza,Tte. Gral. Emilio Mitre,"LAS HERAS, GRAL., AV. - PUEYRREDON, AV. - PACHECO DE MELO, JOSE A. - CANTILO",1.226,NA,Puesta en valor 2017/2018
2,Plaza,V. Lopez y Planes,MONTEVIDEO 1301 - PARANA - ARENALES,1.914,NA,NA
2,Plazoleta,ATC,AV.figueroa Alcorta entre Brig GRAL.Juan Facundo QUIROGA Y Tagle,0.286,NA,NA
2,Parque ,S/D- Jae,Anchorena 1600,0.006,NA,NA
2,Cantero central,S/D - bibiloni 2851,"BIBILONI 2851, COUTURE, F. ALCORTA; LIBRES DEL SUR",0.1495,NA,NA
2,Plaza,Mons. Miguel de Andrea 'A',"CORDOBA 2801, AV. - JAURES, JEAN - ANCHORENA, TOMAS M. DE, DR. - PARAGUAY",1.181,Mejora en patio de juegos,Puesta en valor 2017/2018
2,Parque ,Parque Thays,"DEL LIBERTADOR, AV. - CALLAO, AV.- VAZ FERREIRA, CARLOS, DR. - QUIROGA, JUAN FACUNDO, BRIG. GRAL. VIA R PIDA",7.176,NA,NA
2,Plaza,Ruben Dario,"FIGUEROA ALCORTA 2301, AV,DEL LIBERTADOR, AV. - AUSTRIA, PRES., AV. -PUEYRREDON, AV",7.185,NA,NA
2,Plazoleta,San Martin de Tours,"POSADAS 1665, ALVEAR, AV. - SCHIAFFINO, EDUARDO",0.9278,NA,NA
3,JARDIN,Catamarca 1351,Catamarca 1351,0.015,NA,NA
3,PLAZOLETA,"Cirullo de Carnaghi, Rosa","ALBERTI, VEREDA PAR ENTRE COCHABAMBA Y SUBIDA  AU 25 DE MAYO",0.0175,NA,NA
3,PLAZOLETA,De las Madres,"GARAY, JUAN DE, AV. - COMBATE DE LOS POZOS - ENTRE RIOS, AV.",0.011,NA,Puesta en valor 2017/2018
3,PLAZOLETA,Delia Aviles de Elizalde,COCHABAMBA e/ PASCO  y PICHINCHA,0.114,NA,NA
3,PLAZOLETA,"Dr. Alfredo, Rivas","CHICLANA, AV.  - LUCA, ESTEBAN DE - PAVON",0.028,NA,Puesta en valor 2017/2018
3,PLAZOLETA,Plaza Dr. J. M. Velasco Ibarra,"JUJUY, Av y MÉXICO",0.811,Mejora en patio de juegos,Puesta en valor 2017/2018
3,PLAZA,Esther Ballestrino Careag,ALBERTI 1323,0.009,NA,NA
3,PLAZOLETA,Francisco Canaro,COCHABAMBA - COMBATE DE LOS POZOS - SARANDI,0.21,NA,NA
3,PLAZOLETA,Maria Ponce De Bianco,"SARANDI - ESTACION DE SERVICIOS -  COMBATE DE LOS POZOS - JENNER, EDUARDO, DR. -",0.007,NA,NA
3,PLAZA,Martin Fierro,"URQUIZA, GRAL. - BARCALA - LA RIOJA - POLIDEPORTIVO",1.529,Mejora en canil,NA
3,PLAZOLETA,Matide Vara de Anguita ,SARANDÍ - Bajada AU 25 DE MAYO - Propiedad particular - RINCÓN,0.12,Mejora en canil,NA
3,PLAZA,Primero de Mayo,"ALSINA, ADOLFO - PASCO - YRIGOYEN, HIPOLITO - PICHINCHA",1.3500734,Colocacion de bomba sumergible,NA
3,PLAZOLETA,Pzta es Angela Aieta N. d,"JENNER, EDUARDO, Dr. - ENTRE RÍOS, Av. - COMBATE DE LOS POZOS",0.117,NA,NA
3,PLAZA,R. Gonzalez Tuñon,"YRIGOYEN, HIPOLITO - 24 DE NOVIEMBRE",0.27,NA,NA
3,PLAZOLETA,"Rabinovich de Levenson, E",AU 25 DE MAYO e/ SARANDÍ y RINCÓN (vereda peatonal y jardín ),0.1212,NA,NA
3,PLAZOLETA,Ramona Bronte de Gaztiazo,COCHABAMBA e/PICHINCHA y MATHEU,0.155,NA,NA
3,PLAZA,Plaza Julio Cesar Fumarola,"JEAN JAURÉS - PERÓN, JUÁN D. , Tte. Gral. - ANCHORENA, TOMÁS MANUEL de - Límite Área operativa de trenes de Bs As S.A.",0.233,NA,NA
3,PLAZA,Interbloque,SARANDI Y CONSTITUCION,0.45,NA,NA
3,PLAZA,Pasaje de las Almas,Bartolome Mitre 3002,0.092,NA,Espacio nuevo
3,PLAZA,Irene Orlando,RINCON Y COCHABAMBA,0.0446,NA,NA
4,Plazoleta,"Ciudad de salamanca y anexo I, II, III y IV",Av. España 2220,0.1428,NA,NA
4,Veredón,Veredon Costanera - planos,Av. España 1701 - 2201,1.655,NA,NA
4,Veredón,Veredon ciudad deportiva - plano 1,Av. España 2100 - 2300,NA,NA,NA
4,Veredón,Veredon Paseo Colón,Paseo Colon 1500 - 1600,0.441,NA,NA
4,Corredor,Paseo de los Rusos,Vias FFCC Belgrano Sur e Brasil y Ar. Desposito,0.246,NA,NA
4,Corredor,Vias FFCC BELGRANO CARGA ,Vias desde Alte Brown hasta DESPOSITO,0.18762,NA,NA
4,Plaza,Plaza D'Espósito,Arnaldo D  Esposito 101,0.121776,NA,NA
4,Plaza,Islas Malvinas,Espinosa / P. de Mza / Caboto / 20 de Sep,1.1303,NA,NA
4,Plaza,"Necochea + barrio catalinas (barrio, plaza y cancha futbol)",Necochea 320,1.3446,NA,NA
4,Boulevard,Blvd Central,Alte. Brown desde Pilcomayo hasta Pedro de Mendoza,0.2184,NA,NA
4,Boulevard,Blvd Central,B.P.Galdos desde Alte Brown hasta Caboto,0.0738,NA,NA
4,Plazoleta,Cafferata,Brandsen 353,0.1728,NA,NA
4,Plazoleta,Molfeteses,Cafferata y Pinzon,0.0385,NA,NA
4,Plazoleta,Isleta Puente N.Avell,Pinzon 351,0.1596,NA,NA
4,Plazoleta,Isleta Puente N.Avell,Almirante Brown 1000,NA,NA,NA
4,Plazoleta,Terraplén Pte. N.Av.,Cafferata entre Brandsen y Pinzon (Terraplen),NA,NA,NA
4,Plaza,Solis,Suarez / Caboto / Olavarria / Mtro Brin,1.0461,Colocacion bomba sumergible,NA
4,Plazoleta,Carlos Bello,P. de Mendoza y Almte Brown,0.0235,NA,NA
4,Veredón,Fundacion PROA,Pedro de Mza 1900-2000,0.098,NA,NA
4,Parque,Flora Nativa B. Q. Martin,Irala / Vias del FFCC / Arist. Del Valle / Pi y Margall,4.097625,Mejora en patio de juegos,Puesta en valor 2017/2018
4,S/V,Casa Amarilla,Espinosa 450,0.9035,NA,NA
4,S/D,Casa Amarilla,Martin Rodriguez 250,0.7514,NA,NA
4,S/D,Casa Amarilla,Martin Rodriguez 350,0.2548,NA,NA
4,S/D,Casa Amarilla,Blanes 511,1.3195,NA,NA
4,S/D,Casa Amarilla,20 de Septiembre 550,NA,NA,NA
4,S/D,Casa Amarilla,Palos 125,NA,NA,NA
4,S/D,Casa Amarilla,Martin Rodriguez 409,0.3309,NA,NA
4,NA,Plazoleta S/D,A. Brown y Espora,0.102,NA,NA
4,Plazoleta,Bomberos Voluntarios ,Araoz de la Madrid 783 / Olavarria 798,0.1837,NA,NA
4,Patio Urbano,Brig. Estanislao Lopez,Suarez 782,0.02255,NA,NA
4,Patio Urbano,Suarez 688,Suarez 688,0.0397,NA,NA
4,Corredor,Paseo Garibaldi,Desde Brandsen hasta Olavarria ,1.784,NA,NA
4,Corredor,Paseo Garibaldi,Desde Olavarria hasta Quinquela Martin,NA,NA,NA
4,Corredor,Vespucio,Desde Quinquela Martin hasta California,0.6787,NA,NA
4,Plazoleta,Victorica,Coronel Salvadores 878 ,0.0337,NA,NA
4,Plaza,Matheu,Magallanes / Irala / Lamadrid / Hernandarias ,0.996986,Mejora en patio de juegos,Puesta en valor 2017/2018
4,Plaza,Brown,California / Salvadores / Alvar Nuñez / Irala,0.989284,Colocacion bomba sumergible,NA
4,Plazoleta,Carlos Disarli,Almirante Brown / Martin Garcia / Paseo Colon,0.0417,NA,NA
4,Veredón,Lateral escuela publica ,Irala / Alvar Nuñez / Rocha,0.0354,NA,NA
4,Ribera Río,Paseo de La Ribera,Av P. de Mendoza hasta Vieytes,5.4324,NA,NA
4,NA,BAJO AUTOPISTA USINA DEL ARTE,P.. Mendoza entre A. Caffarena y A. Espinosa,1.42,NA,NA
4,NA,CASA AMARILLA - PLAZA SOBRE CALLE TOMAS ESPORA,Cnel. Tomas Espora y Av. Alte Brown,0.113,NA,NA
4,Plazoleta,Elisa Brown,Ruiz Diaz de Guzman 6,0.094,NA,NA
4,Paza,Yankelevich,Pinzon 1299 / 1301,0.1038,NA,NA
4,Plaza,Gendarmeria Nacional,Pedro de Mendoza 3501,0.1353,NA,NA
4,Plaza,Casa Cuna,Montes de Oca 71 ,0.7457,NA,NA
4,Patio,Quinquela Martin,Suarez 1592,0.0455,NA,NA
4,Plazoleta,Jose Hernandez,Av Montes de Oca y Osvaldo Cruz,0.198,NA,NA
4,Plaza,Diaz Velez,Osvaldo Cruz 2201,0.6204,NA,NA
4,Plaza,Herrera,Herrera 1498,0.6051,Mejora en patio de juegos,Puesta en valor 2017/2018
4,Plazoleta,Plazoleta Vieytes,Vieytes 1103,0.0764,NA,NA
4,Parque,España,Amancio Alcorta / Baigorri / Caseros / Carrillo,5.393,NA,NA
4,Plazoleta,Mcal. Toribio de Luzuriaga,Luzuriaga / Finocchieto / Velez Sarsfield,0.1087,NA,NA
4,Plazoleta,Carlos N Vergara,Brandsen / Alcorta / Luzuriaga,0.03,NA,NA
4,Parque,Pereyra Iraola S1,Alvarado / Luzuriaga / V. Sarsfield / California,5.7782,NA,NA
4,Parque,Pereyra Iraola S2,California / V. Sarsfield / Luzuriaga / Iriarte,NA,NA,NA
4,Parque,Pereyra Iraola S3,Iriarte / V. Sarsfield / Luzuriaga / Rio Cuarto,NA,NA,NA
4,Plaza,Champagnat,Iriarte / V. Sarsfield / Rio Cuarto,0.8704,NA,NA
4,Plaza,Ntra Sra del Lujan,Spika / Luzuriaga,0.2919,NA,NA
4,Plazoleta,S/D,Lujan 2401,0.0164,NA,NA
4,Plazoleta,Osmar Maderna,Vieytes / Iriarte / San Antonio,0.2219,NA,NA
4,Plazoleta,Osmar Maderna,San Antonio / Goncalves Dias,NA,NA,NA
4,Plazoleta,Osmar Maderna,Goncalves Dias / Santa Magdalena,NA,NA,NA
4,Boulevard,Iriarte 2400-2500,Santa Magdalena y Salom,0.0298,NA,NA
4,Boulevard,Iriarte 2500-2600,Salom y Santa Maria del Buen Ayre,NA,NA,NA
4,Boulevard,Iriarte 2600-2700,Santa Maria del Buen Ayre y Santa Elena,0.221,NA,NA
4,Boulevard,Iriarte 2700-2800,Santa Elena y Perdriel,NA,NA,NA
4,Boulevard,Iriarte 2800-2850,Perdriel y Rio Limay,NA,NA,NA
4,Boulevard,Iriarte 2850-2900,Perdriel y Luzuriaga,NA,NA,NA
4,Boulevard,Iriarte 2900-3000,Luzuriaga y Velez Sarfield,NA,NA,NA
4,Boulevard,Iriarte,Velez Sarsfield hasta Luna,NA,NA,NA
4,Plaza,Agustin Magaldi,Arata / 1582,0.216,NA,NA
4,Plaza,Miguel Unamuno,Miguel Unamuno / Anibal Ponce / Coni ,0.2962,NA,NA
4,Bajo Autopista,S/D,Montes de Oca / Herrera / Osvaldo Cruz / Rio Cuarto,0.5268,NA,NA
4,Bajo Autopista,S/D,"Montes de Oca/O. Cruz/Rio Cuarto,1300",0.131,NA,NA
4,Bajo Autopista,S/D,Rio Cuarto / Herrera / Iriarte / Hornos ,0.7769,NA,NA
4,Plazoleta,De los Deportistas,Hornos / entre Iriarte y Rio Cuarto,0.0798,NA,NA
4,Bajo Autopista,S/D,Hornos / Iriarte / California / Herrera,0.6562,NA,NA
4,Bajo Autopista,S/D,California / Hornos / Herrera / B. Q. Martin,0.6075,NA,NA
4,Bajo Autopista,Herrera,Hornos / Herrera / B Q Martin,0.471,NA,NA
4,Bajo Autopista,Plaza herrera bajo autopista,Hornos/ Herrera/ B. Q. Martín/ Araoz de Lamadrid,0.3207,NA,NA
4,Bajo Autopista,S/D,Herrera / Hornos / Suarez / Araoz de la Madrid,1.1444,NA,NA
4,Bajo Autopista,S/D,Herrera / Hornos / Suarez / Brandsen,0.9977,NA,NA
4,Plaza,Virrey Vertiz,Herrera / Hornos / Brandsen / Aristobulo del Valle ,1.1052,NA,NA
4,Bajo Autopista,S/D,Herrera / Hornos / Samperio / Aristobulo del valle,1.2316,NA,NA
4,Bajo Autopista,S/D,Herrera / Hornos / Samperio / Finocchieto (limite),3.4192,NA,NA
4,Boulevard,Caseros,Caseros entre Defensa y Bolivar,0.0799,NA,NA
4,Boulevard,Caseros,Caseros entre Bolivar y Peru,NA,NA,NA
4,Boulevard,Caseros,Caseros entre Peru y Chacabuco,NA,NA,NA
4,Boulevard,Caseros,Caseros entre Peru y Piedras ,NA,NA,NA
4,Boulevard,Caseros,Caseros entre Piedras y Tacuari,NA,NA,NA
4,Boulevard,Caseros,Caseros entre Tacuari y Montes de Oca,NA,NA,NA
4,Boulevard,Montes de Oca 1900-2100,"M de Oca, desde Osvaldo Cruz hasta Rio Cuarto",0.25,NA,NA
4,Boulevard,Montes de Oca 1800-1900,"M de Oca, desde Rio Cuarto hasta Iriarte ",NA,NA,NA
4,Boulevard,Montes de Oca 1751-1800,"M de Oca, desde Iriarte hasta Daniel Cerri ",NA,NA,NA
4,Boulevard,Montes de Oca 1701-1751,"M de Oca, desde Daniel Cerri hasta California",NA,NA,NA
4,Boulevard,Montes de Oca 1601-1700,"M de Oca, desde California hasta Salvadores",NA,NA,NA
4,Boulevard,Montes de Oca 1401-1600,"M de Oca, desde Salvadores hasta Q. Martin",NA,NA,NA
4,Boulevard,Montes de Oca 1201-1400,"M de Oca, desde Q. Martin hasta Rocha ",NA,NA,NA
4,Boulevard,Montes de Oca ,Montes de Oca desde Suarez hasta Caseros,0.099,NA,NA
4,Plazoleta,S/D,Hornos e iriarte,0.059,NA,NA
4,Plaza,Vuelta de Obligado,Av. Garay 2300,9.7059,NA,NA
4,Parque,Florentino Ameghino,Av. Caseros / Monasterio / Santa Cruz / Uspallata,4.7344,NA,NA
4,Plazoleta,Julian Centeya,Uspallata / Arriola / Zavaleta,0.0152,NA,NA
4,Plaza,Guillermo Barbieri,Los Patos / Montesquieu / Luna,0.8362,NA,NA
4,Plazoleta,De la Paz,"Juan de Garay 2588, esquina Jujuy",0.0079,NA,NA
4,Plazoleta,Coronel Pringles,Monteagudo / Caseros / Pataones / Corrales Viejos,0.2823,NA,NA
4,Plazoleta,Lopez Torres,Guayquiraro 571,0.1009,NA,NA
4,Plaza,Jose C Paz,Pepiri 501,1.7737,NA,NA
4,Plaza,Nicaragua,Jose C Paz 3350,0.7543,NA,NA
4,Plaza,Herminio Masantonio,Amancio Alcorta 2802,0.3662,NA,NA
4,Parque,De los Patricios,Caseros / Monteagudo / Uspallata / Pepiri,10.0388,NA,NA
4,Parque,De los Patricios,Caseros / Alamafuerte / Pepiri / Uspallata ,NA,NA,NA
4,Plazoleta,Dr Giacobini,Uspallata 3206,0.31,NA,NA
4,Plazoleta,S/D,Uspallata 3157,0.1636,NA,NA
4,Plazoleta,S/D,Uspallata 3151,0.4312,NA,NA
4,Plaza,Jose E Uriburu,"Almafuerte, Uspallata, Pepiri y Chutro",2.7593,Colocacion bomba sumergible,NA
4,Plazoleta,S/D,Patagones y Colonia,0.0056,NA,NA
4,Plazoleta,S/D, Colonia y Los Patos,0.0024,NA,NA
4,Plazoleta,S/D,Uspallata Pepiri Atuel,0.31,NA,NA
4,Plazoleta,s/d,"Favaloro, Uspallata, Monetagudo",0.005,NA,NA
4,CESPED,TEMPLETE C04,CASEROS 3250,0.0728,NA,NA
4,Cantero Central,Clemente Onelli,Amancio Alcorta (entre P.Moreno y Bonavena) TRAMO 1,0.157058,NA,NA
4,Plazoleta,S/D,Amancio Alcorta (entre Bonavena y Juez Magnaud) TRAMO 2,0.0968,NA,NA
4,Plazoleta,Escuela la Banderita,Amancio Alcorta (entre Juez  Magnaud y Pepiri) TRAMO 3,0.1058,NA,NA
4,Plazoleta,Rovira Eduardo,Amancio Alcorta (entre Einstein y E. Ochoa) TRAMO 8,0.3957,NA,NA
4,Plazoleta,S/D,Amancio Alcorta (entre E. Ochoa y Romero) TRAMO 9,0.2975,NA,NA
4,Cantero Central,S/D,Amancio Alcorta (entre Romero y Falucho) TRAMO 10,0.1621,NA,NA
4,Cantero Central,Facio Hébequer,Amancio Alcorta (entre  Falucho y Av. Saenz) TRAMO 11,0.2032,NA,NA
4,Paseo,Paseo de la Memoria ,Amancio Alcorta 3805,0.0869,NA,NA
4,Plaza,Paseo del Riachuelo (ROMERO),Arturo Beruti 4590,0.6151,NA,NA
4,Plaza,Hellen Keller,Gutierrez / Lynch / Einstein,0.2918,NA,NA
4,Plazoleta,Padre E. Contardi / Don Orione,Traful / Diogenes Taborda / P. E. Contardi,0.2006,NA,NA
4,Plazoleta,DON ORIONE,Pepiri / Traful / Diogenes Taborda ,0.0374,NA,NA
4,Plazoleta,Nueva Pompeya,Traful esquina Av. Saenz,0.3545,NA,NA
4,Plaza,Obispo Enrique Angeleli,Beron de Astrada / Erezcano / Ferre / Matanza,1.0692,NA,NA
4,Plazoleta,Erezcano 3600-3700,Rabanal / Beron de Astrada,0.0387,NA,NA
4,Plazoleta,Erezcano 3700-3800,Beron de Astrada y Ferre,0.0494,NA,NA
4,Plazoleta,Erezcano 3800-3850,Ferre / 27 de Febrero,0.0496,NA,NA
4,Plazoleta,Erezcano 3851-3900,Ferre / 27 de Febrero,0.0535,NA,NA
4,Plazoleta,El Alma que Canta ,"Rabanal, entre del Barco Centenera y Agustin de Vedia  (1)",0.925002,NA,NA
4,Plazoleta,Islas Canarias,"Rabanal, entre Agustin de Vedia y Erezcano (2)",0.65962,NA,NA
4,Plazoleta,S/D,"Rabanal, esquina Erezcano ROTONDA VIRGEN (2´)",0.0321,NA,NA
4,Plazoleta,S/D,"Rabanal, entre Erezcano y Charrua (3)",0.56994,NA,NA
4,Plazoleta,S/D,"Rabanal, entre Charrua y Bonorino (4)",0.421378,NA,NA
4,Veredón,S/D,"Triangulo Rabanal, Luppi ",0.02832,NA,NA
4,Plazoleta,Jose Dames,Esquiu / Tilcara / Luppi,0.034692,NA,NA
4,Plazoleta,Nelly Nistal,Las Palmas / Fournier / Luppi,0.017346,NA,NA
4,Plazoleta,Jose Dimilta ,"Perito Moreno, esquina Del Barco Centenera",0.091686,NA,NA
4,Plaza,La morte de Lombardo,"Rivera, desde Del Barco Centenera, hasta Erezcano",0.663514,NA,NA
4,Plaza,Maria Teresa Arbeletche,"Perito Moreno, Fructuoso Rivera y Mom",0.06313,NA,NA
4,Plaza,TOMAS KATARI,"Charrua, esquina Itaqui",0.191986,NA,NA
4,Cantero Central,S/D,"Fernandez de la Cruz, entre Bonorino y Charrua",0.0344,NA,NA
4,Cantero Central,S/D,"Fernandez de la Cruz, entre Charrua y Matanza",0.0291,NA,NA
4,Cantero Central,Padre L. Massa,"Fernandez de la Cruz, entre Matanza y Erezcano",0.0592,NA,NA
4,Cantero Central,S/D,"Fernandez de la Cruz, entre Erezcano y P. Moreno",0.0296,NA,NA
4,Cantero Central,San Lorenzo,"Fernandez de la Cruz, entre P. Moreno y Varela ",0.0332,NA,NA
4,Cantero Central,S/D,"Fernandez de la Cruz, entre P. Moreno y A. de Vedia ",0.024,NA,NA
4,Cantero Central,S/D,"Fernandez de la Cruz, entre P. Moreno y A. de Vedia ",0.0044,NA,NA
4,Cantero Central,S/D,"Fernandez de la Cruz, entre Agustin de Vedia y Mom",0.0672,NA,NA
4,Cantero Central,S/D,"Fernandez de la Cruz, entre Del B. Centenera y Mom",0.0549,NA,NA
4,Plaza,Melchor P. de Holguin,"Fernandez de la Cruz, entre Del B. Centenera y Lanza",0.1786,NA,NA
4,Cantero Central,S/D,"Fernandez de la Cruz, entre Del B. Centenera y Lanza",0.0424,NA,NA
4,Cantero Central,S/D,"Fernandez de la Cruz, entre Lanza y Del Bañado",0.0209,NA,NA
4,Cantero Central,S/D,"Fernandez de la Cruz, entre Del Bañado y Tilcara",0.0304,NA,NA
4,Cantero Central,S/D,"Fernandez de la Cruz, entre Gual y Riestra",0.0467,NA,NA
4,Cantero Central,S/D,"Fernandez de la Cruz, entre Fournier y Gual",0.0244,NA,NA
4,Plaza,Tronconi,Tilcara 3285,0.0874,NA,NA
4,Plaza,Homero Manzi,Del Barco Centenera y Riestra 1599,0.1092,NA,NA
4,Ribera,27 de Febrero,"27 de Febrero, desde Saenz hasta Bonorino",1.51,NA,NA
4,Plazoleta,Dario Broggi,Einstein y Del Tigre,0.0316,NA,NA
4,Plazoleta,Presbitero Saenz,Saenz / Uspallata / Raulet,0.041418,NA,NA
4,Plazoleta,Pedro Laurenz,Chiclana / Pomar / Pirovano,0.0193,NA,NA
4,Plazoleta,Ciudad de Lakewood,Alcorta / Monteagudo / Ancaste / FFCC,0.215114,NA,NA
4,NA,Saenz 1400,Lateral Puente Alsina (jardineras ambas manos),NA,NA,NA
4,NA,Saenz esquina Echauri,Saenz esquina Echauri,NA,NA,NA
4,Plaza,Colombia,Pinzon 1634,0.2824,Mejora en patio de juegos,Puesta en valor 2017/2018
4,Plazoleta,San Lucar de Barrameda,Av. Alcorta 2150 y Dr. Carrillo 49,0.142,NA,NA
4,Plazoleta,S/D,Amancio Alcorta (entre Pepiri y D. Taborda) TRAMO 4,0.3376,NA,NA
4,Plazoleta,S/D,Amancio Alcorta y D. Taborda TRAMO 5,0.726,NA,NA
4,Plazoleta,S/D,Amancio Alcorta  (entre Beazley y Cachi) TRAMO 6,0.2591,NA,NA
4,Plazoleta,FRANCISCO GIL,Amancio Alcorta (entre Cachi y Einstein ) TRAMO 7,0.2136,NA,NA
4,Plazoleta,S/D,Einstein y Jose C Paz,0.0083,NA,NA
4,Plazoleta,Juan Maffioli,Uspallata / Puna / Guarani,0.0054,NA,NA
5,PLAZA,Almagro,"SALGUERO, JERONIMO - SARMIENTO - BULNES - PERON, JUAN D., TTE. GRAL. Peron3701",1.35,Alambrado playon deportivo,NA
5,PLAZOLETA,Elias Alippi,ESTADO DE ISRAEL - GUARDIA VIEJA - LAMBARE  Lambare 1240,0.024,NA,NA
5,PLAZOLETA,"Lellis, Jorge Mario","LEZICA - PELUFO, ÁNGEL   Lezica 3901",0.00594,NA,NA
5,PLAZA,Mario A. Amaya,"CONSTITUCION E/BOEDO, AV. Y COLOMBRES Constitucion 3621",0.191965,NA,NA
5,PLAZOLETA,Simon Lazara Diputado Nacional( Moreno 3600),"BOEDO, AV.   Y MORENO  Moreno 3501",0.03392,NA,Puesta en valor 2017/2018
5,PLAZOLETA,Paseo de la Victoria,"RIVADAVIA, AV. - LA PLATA, AV. - YRIGOYEN, HIPOLITO Rivadavia 4301",0.27425,NA,NA
5,PLAZOLETA,S/D-BOEDO,"CALVO, CARLOS - SANCHEZ DE LORIA - ESTADOS UNIDOS - LINIERS, VIRREY",1.1597,NA,NA
5,PLAZOLETA,S/D- MEDRANO 107,AV. MEDRANO 107,0.042,NA,NA
5,PLAZOLETA,Saara Vaamonde,"INDEPENDENCIA, AV. - MUÑIZ - MARMOL, JOSE Independencia 4250",0.189,NA,NA
5,PATIO,Salguero,SALGUERO 751,0.1447,Mejora en patio de juegos,NA
5,PLAZOLETA,Scholem Aleijem ,"CORDOBA, AV. - GASCON - ESTADO DE ISRAEL, AV.  Av Cordoba 4241",0.03287,NA,NA
5,PLAZOLETA,PLAZOLETA SUR,"BOEDO, AV. - BELGRANO, AV. -  PROPIEDAD PARTICULAR Belgrano 3580",0.039241,Mejora en patio de juegos,Puesta en valor 2017/2018
5,JARDIN,Jardines de Colombres y Salcedo,COLOMBRES Y SALCEDO,0.0725,NA,NA
5,JARDIN,PASAJE ANIBAL TROILO,PASAJE ANIBAL TROILO,0.2298,NA,NA
5,JARDIN,PASAJE PANAMA,PASAJE PANAMA,0.2162,NA,NA
5,JARDIN,CORREDOR SUR,ENTORNO (AV. LA PLATA - INCLAN - J. MARMOL - LAS CASAS),0.1734,NA,NA
6,Cantero Central,BOULEVARD HONORIO,Av Dr Honorio Pueyrredon 1075,0.278,NA,NA
6,Plaza ,BRUNO GIORDANO,Rojas 185,1.708,Mejora en patio de juegos,NA
6,Plazoleta,CID CAMPEADOR,Av Gaona 1101,0.026,NA,NA
6,Plazoleta,CRISOLOGO LARRALDE,Rojas y yerbal,0.408,Colocacion de bomba sumergible,NA
6,Plazoleta,CRUCERO GRAL. BELGRANO,Av Patricias Argentinas 291,0.094,NA,NA
6,Patio,DE LOS LECHEROS,Tte. Gral. Donato Álvarez 201,0.256,NA,NA
6,Plaza ,DR AMADEO SABATTINI,Felipe Vallese y Colpayo (ambas manos),0.516,NA,NA
6,plazoleta,Dr  Enrique T Susini,Av. Ángel Gallardo 1092,0.063,NA,NA
6,Plazoleta,Federico Froebel,Eduardo Acevedo 602 (Frente),0.151,NA,NA
6,Plazoleta ,Gaona 1191,Av. Gaona 1191,0.015,NA,NA
6,Plazoleta,Hector Greslebin,Av. Díaz Vélez 4980 (Frente),0.049,NA,NA
6,Plaza ,Irlanda,Av. Gaona 2100,5.26,NA,NA
6,Parque,Rivadavia ,Chaco 215,5.552,Mejora en patio de juegos y canil,NA
6,Plazoleta,Paseo de la vida Rene Favaloro,Rojas  180,0.29,NA,NA
6,Plazoleta ,Luis Perlotti,Neuquén y Mendes Andes,0.009,NA,NA
6,Plaza ,Primera Junta,Av. Rivadavia 5400 ,0.225,NA,NA
6,Vereda Verde,Cra3,Paysandu 591,0.5,NA,NA
6,Plazoleta,s/d,Yerbal 1395,0.006,NA,NA
6,Plazoleta,s/d,Yerbal 1345,0.506,NA,NA
6,Plaza ,Caballito,Rojas 130,0.377,Mejora en patio de juegos,Puesta en valor 2017/2018
6,Cantero Central,"Torrijos, Omar",Av. Patricias Argentinas 28,0.118,NA,NA
6,Plaza ,Jose Bonifacio y Centenera,Jose Bonifacio y Centenera,0.123,NA,Espacio nuevo
6,Cantero Central ,Patricias,Av. Patricias Argentinas 261,0.565,NA,NA
7,Plazoleta, 11 DE NOVIEMBRE DE 185,"DIRECTORIO, AV. - VARELA - TANDIL - ITALIA",0.406,NA,NA
7,Cantero Central, PERITO MORENO,-,0.446,NA,NA
7,Patio,ANTOINE SAINT EXUPERY,ZUVIRÍA E/ SENILLOSA Y DOBLAS,0.168,NA,NA
7,Plazoleta,PZETA ANTONIO MILLAN,"BILBAO, FRANCISCO - CASTAÑON - LAFUENTE",0.96,NA,NA
7,Plazoleta,BARRIO SIMON  BOLIVAR,"PERÓN, EVA, AV. - CURAPALIGÜE, AV. - FERNANEZ MORENO, BALDONERO - DÁVILA (INT. BARRIO SIMÓN BOLIVAR)",3.375,NA,NA
7,Cantero Central,BILBAO 3000,"BILBAO, FRANCISCO, AV. 3000  E/ LAFUENTE, AV. Y SAN PEDRITO AV.",0.06,NA,NA
7,Cantero central,BILBAO 2600,AV BILBAO 2600 Y ARROTEA,0.1,NA,NA
7,Cantero Central,BILBAO 2700,"BILBAO, FRANCISCO, AV. 2700  E/ VARELA Y CULPINA",0.09,NA,NA
7,Cantero Central,BILBAO 2800,BILBAO FRANCISCO AV. 2800,0.07,NA,NA
7,Cantero Central,BILBAO 3100,"BILBAO, FRANCISCO, AV.3100  E/ SAN PEDRITO, AV. Y QUIRNO",0.096,NA,NA
7,Cantero Central,BILBAO 3200,"BILBAO, FRANCISCO, AV.  3201 E/ QUIRNO Y MARTI, JOSE",0.081,NA,NA
7,Cantero Central,BILBAO 3300,"BILBAO, FRANCISCO, AV. 3303  E/ MARTI, JOSE Y PORTELA",0.081,NA,NA
7,Parque,BARRIO JUAN XXIII,"VEDIA, AGUSTIN DE 2255",1.952,NA,NA
7,Plazoleta,CAMACUA 840,CAMACUA 840,0.079,NA,NA
7,Cantero Central,CLUB S. LORENZO,"FERNANDEZ DE LA CRUZ, F., GRAL. AV. 2301",1.219,NA,NA
7,PLazoleta,RADIO AFICIONADOS VOLUN,"PERON, EVA, AV.- CURAPALIGUE - ASAMBLEA, AV. - MITRE, EMILIO",0.008,NA,NA
7,Plaza,PLAZA DE LOS VIRREYES,-,2.642,NA,NA
7,Plazoleta,DEL BUEN VECINO,PUMACAHUA - RECUERO - AU 25 DE MAYO,0.063,NA,NA
7,Parque,CEMENTERIO DE FLORES,CASTAÑARES AV. 2600,0.044,NA,NA
7,Plaza,DON SEGUNDO SOMBRA,"SANTANDER - CASTILLO, JUAN DEL - AROMA - RODRIGUEZ ALONSO",0.222,Mejora en patio de juegos,NA
7,Plazoleta, E SANTOS DISCEPOLO,"LA PLATA, AV. - COBO, AV. - SENILLOSA - ZELARRAYAN",0.059,NA,NA
7,Plaza, PLAZA ANGEL GRIS,"AVELLANEDA, AV.  1800 - BOGOTA - CALCENA - ALVAREZ, DONATO, TTE. GRAL., AV.",1.7493,NA,NA
7,Cantero Central,ECHEANDIA 3095,ECHEANDIA 3095,0.052,NA,NA
7,Plaza, FRANCISCO SICARDI,BALBASTRO - PROPIEDAD PARTICULAR - VARELA,0.8617,Mejora en patio de juegos,NA
7,Plazoleta, HERMINIA BRUMANA,"BILBAO, FRANCISCO - MEMBRILLAR - CIPOLLETTI",0.05,NA,NA
7,Plaza, PLAZA JOSE MARTI,"ZUVIRIA - LEVALLE, NICOLAS, TTE. GRAL. - ALVAREZ, CRISOSTOMO - ACOSTA, MARIANO - AUTOPISTA PERITO MORENO (AU 6)",0.5065,NA,NA
7,Cantero Central,PASEO JUAN A PIRKER,"CARABOBO, AV. E/ ZUVIRÍA Y SARAZA",0.312,NA,NA
7,Patio, PATIO DONATO ALVAREZ,DONATO ALVAREZ 800,0.048,NA,NA
7,Patio, PATIO LAUTARO,LAUTARO 800,0.16,NA,NA
7,Plazoleta, RECUERO 3300,"Recuero, Casimiro, Tte. Cnel. 3300",0.054,NA,NA
7,Plaza,Comision de la Vivienda,"BONORINO, ESTEBAN, Cnel. AV. 1551",0.051,Mejora en patio de juegos,Puesta en valor 2017/2018
7,Plaza, PLAZA DE  MISERICORDIA,"DIRECTORIO, AV. - LAUTARO - BILBAO, FRANCISCO - CAMACUA",1.0659,NA,NA
7,Plaza, PLAZA DE PERIODISTA,"NEUQUEN - NAZCA, AV. - PAEZ - TERRADA",1.646,Mejora en patio de juegos,Puesta en valor 2017/2018
7,Plaza, PLAZA PUEYRREDON,"RIVADAVIA, AV. - ARTIGAS, JOSE G., GRAL. - YERBAL - FRAY CAYETANO RODRIGUEZ",3.143,NA,NA
7,Plazoleta, RINCON VERDE KASU MAPU,"LAFUENTE AV. 1179  - PERON, EVA, AV. (B)",0.042,NA,NA
7,Vereda Verde, Mariano Castex ,Crisóstomo Álvarez 2801,4.68,NA,NA
7,Cantero Central, BILBAO 2900,Bilbao Francisco Av 2900,0.1,NA,NA
7,Vereda, CEAMSE,LAFUENTE AV. 1715,0.014,NA,NA
7,Plazoleta, BUSTO CARLOS GARDEL, Eva Perón y Curapaligue,0.009,NA,NA
7,Vereda Verde,CANTERO CASTAÑARES,-,0.4,NA,NA
7,Plazoleta,La paz,"BONORINO, ESTEBAN, CNL., AV. - CASTAÑARES, AV.",0.118,NA,NA
7,Vereda Verde, CANTERO BALBASTRO E/M,Balbastro e/ Mariano Acosta y Lafuente,0.488,NA,NA
7,Vereda Verde, PERITO MORENO 3651,"MORENO, PERITO 3651",0.3,NA,NA
7,Plazoleta, BARRIO FONAVI,LAFUENTE Y BALBASTRO (LAFUENTE 1600),0.1,Mejora en patio de juegos,Puesta en valor 2017/2018
7,Plazoleta, MARCO DEL PONT,Gral. José Gervasio Artigas 202,0.192,NA,NA
7,Vereda Verde,RECUERO Y 25 DE MAYO,"RECUERO, CASIMIRO, TTE. CNEL. - AU 25 DE MAYO - RIVERA INDARTE",0.01,NA,NA
7,Vereda Verde, PATIO FRAY CAYETANO,FRAY CAYETANO - VIAS DEL FFCCSARMIENTO,0.0243,NA,NA
7,Plazoleta,TUPAC AMARU,"LAFUENTE - PERON, EVA, AV.",1.615,NA,NA
7,Cantero Central,BARRIO RIVADAVIA 1 Y 2,"BONORINO, TORRES, TENORIO",0.006,NA,NA
7,Jardin,VARELA 954,VARELA AV. 954,0.1,NA,NA
7,Jardin,IGNACIO RODRIGUEZ,"RODRIGUEZ, IGNACIO F., PJE  E / VARELA Y PEDERNERA",0.1,NA,NA
7,Plazoleta,VENANCIO FLORES,VENANCIO FLORES 3200,0.342,NA,NA
7,Cantero Central,Corredor Eva Peron,Av. Eva Perón 2601-3001,0.372,NA,NA
7,Plazoleta,Dr. Avelino Gutierrez,EMILIO MITRE 701,0.068,NA,NA
7,Plazoleta,Dr. Jose L. Romero,"FERNANDEZ MORENO, BALDOMERO - PUAN - PROPIEDAD PARTICULAR",0.021,NA,NA
7,Patio,PATIO ALBARRACIN,Albarracin 1470,0.022,NA,NA
8,PLAZA,Descanso del Peregrino,"Acosta, Mariano 2990",0.249,NA,NA
8,PLAZA,Nuestra Señora de Fatima,"Acosta, Mariano 3001",0.623,NA,NA
8,PLAZOLETA,De Los Milagros (Skanderberg),"Alvarez, Crisostomo 5431",0.202,Mejora en patio de juegos,NA
8,PLAZA,ANA DIAZ,Ana Diaz 5401,0.507,NA,NA
8,PLAZOLETA,"Saavedra, Mariano","Argentina, Av. 4801",0.127,NA,NA
8,PLAZOLETA,De los Jubilados (Fray Pedro Agustin Cueli),"Argentina, Av. 5201",0.004,NA,NA
8,PLAZOLETA,SIN DENOMINACION,"Argentina, Av. 5501",0.056,NA,NA
8,PLAZOLETA,SIN DENOMINACION,"Argentina, Av. 5601",0.048,NA,NA
8,PLAZOLETA,"Gomez Carrillo, Manuel","Argentina, Av. 5900",0.009,NA,NA
8,PARQUE,INDOAMERICANO,LACARRA AV - ESCALADA AV - CASTAÑARES AV. - FERNANDEZ DE LA CRUZ FRANCISCO GRAL.,144.64,NA,NA
8,PARQUE,DE LAS VICTORIAS,LARRAZABAL AV - FERNANDEZ DE LA CRUZ FRANCISCO GRAL - ROCA CNEL AV.,74.62,NA,NA
8,PLAZOLETA,SIN DENOMINACION,"Argentina, Av. 6680",0.076,NA,NA
8,PLAZOLETA,SIN DENOMINACION,"Argentina, Av. 6904",0.017,NA,NA
8,CANTERO CENTRAL,SIN DENOMINACION,Cafayate 4811,0.014,NA,NA
8,CANTERO CENTRAL,SIN DENOMINACION,Cafayate 4861,0.003,NA,NA
8,CANTERO CENTRAL,SIN DENOMINACION,Cafayate 4897,0.005,NA,NA
8,CANTERO CENTRAL,SIN DENOMINACION,Cafayate 4901,0.044,NA,NA
8,CANTERO CENTRAL,SIN DENOMINACION,Cafayate 5023,0.05,NA,NA
8,CANTERO CENTRAL,SIN DENOMINACION,Cafayate 5148,0.043,NA,NA
8,CANTERO CENTRAL,SIN DENOMINACION,Cafayate 5207,0.046,NA,NA
8,CANTERO CENTRAL,SIN DENOMINACION,Cafayate 5309,0.017,NA,NA
8,CANTERO CENTRAL,SIN DENOMINACION,Cafayate 5361,0.02,NA,NA
8,PLAZOLETA,CAFAYATE,Cafayate 5300,0.15,NA,NA
8,PLAZOLETA,Prefectura Naval Argentina,Cañonera America 4901,0.158,NA,NA
8,PLAZOLETA,Caras y Caretas,Corbeta Belfast 5301,0.063,NA,NA
8,PLAZOLETA,"Rega Molina, Horacio","De la Rosa, Jose I. Dr. 5750",0.049,NA,NA
8,PLAZA,Democracia,"De la Torre, Lisandro 5401",3.22,NA,NA
8,PLAZA,Calabria,"Escalada, Av. 2800",1.292,NA,NA
8,CANTERO CENTRAL,SIN DENOMINACION,"Escalada, Av. 2801",0.187,NA,NA
8,CANTERO CENTRAL,SIN DENOMINACION,"Escalada, Av. 3001",1.704,NA,NA
8,CANTERO CENTRAL,SIN DENOMINACION,"Escalada, Av. 3801",1.37,NA,NA
8,CANTERO CENTRAL,SIN DENOMINACION,"Escalada, Av. 4900",0.472,NA,NA
8,PLAZA,Sudamerica,"Fernandez de la Cruz, Av. 6500",0.963,NA,NA
8,PLAZA,De Los Viveros,Ferre 6101,0.491,Mejora en patio de juegos,NA
8,PLAZA,Unidad Nacional,"Gallo, Delfin 5800",0.774,NA,NA
8,PLAZA,Abanderadas de los Humildes,Goleta Santa Cruz 6701,0.585,NA,NA
8,PLAZA,SKATE PARK,Gral. Napoleon Uriburu  5700,0.8,NA,NA
8,PLAZOLETA,Ciudad de Guadix,Jose Leon Suarez 3402,0.162,NA,NA
8,PLAZOLETA,"Troncoso, Emilio","Krause, Julio Ing. 5401",0.301,NA,NA
8,PLAZA,De las Escuelas,Larrazabal 4801,0.244,NA,NA
8,PLAZA,"Soldati, Jose",Mendez 2450,0.08,NA,NA
8,PLAZA,"Granada, Nicolas",Murguiondo 3901,1.015,NA,NA
8,PLAZA,De Los Vecinos,Piedrabuena 3900,0.189,NA,NA
8,CANTERO CENTRAL,SIN DENOMINACION,"Riestra, Av. 3100",0.402,NA,NA
8,CANTERO CENTRAL,SIN DENOMINACION,"Riestra, Av. 3300",0.275,NA,NA
8,CANTERO CENTRAL,SIN DENOMINACION,"Riestra, Av. 5400",0.133,NA,NA
8,CANTERO CENTRAL,SIN DENOMINACION,"Riestra, Av. 5500",0.047,NA,NA
8,CANTERO CENTRAL,SIN DENOMINACION,"Riestra, Av. 5600",0.033,NA,NA
8,CANTERO CENTRAL,SIN DENOMINACION,"Riestra, Av. 5720",0.03,NA,NA
8,CANTERO CENTRAL,SIN DENOMINACION,"Riestra, Av. 5838",0.024,NA,NA
8,PLAZOLETA,"Chukri, Ismael","Riestra, Av. 5951",0.026,NA,NA
8,CANTERO CENTRAL,SIN DENOMINACION,"Riestra, Av. 6021",0.026,NA,NA
8,CANTERO CENTRAL,SIN DENOMINACION,"Riestra, Av. 6071",0.014,NA,NA
8,CANTERO CENTRAL,SIN DENOMINACION,"Riestra, Av. 6100",0.026,NA,NA
8,CANTERO CENTRAL,SIN DENOMINACION,"Riestra, Av. 6200",0.024,NA,NA
8,PLAZOLETA,SIN DENOMINACION,"Riestra, Av. 6281",0.012,NA,NA
8,PLAZA ,SIN DENOMINACION,"Roca, Cnel. AV. 5551",0.23,NA,NA
8,PLAZA ,SIN DENOMINACION,"Roca, Cnel. AV. 5801",0.3,NA,NA
8,PLAZA ,SIN DENOMINACION,"Roca, Cnel. AV. 5901",0.25,NA,NA
8,PLAZA,Glorias del Automovilismo,"Roca, Cnel. AV. 6901",0.095,NA,NA
8,PLAZA ,SIN DENOMINACION,S. de la Frontera 5001,0.115,NA,NA
8,PLAZA ,SIN DENOMINACION,S. de la Frontera 5100,0.133,NA,NA
8,PLAZA,SIN DENOMINACION,S. de la Frontera 5450,0.21,NA,NA
8,PLAZOLETA,"Divito, Guillermo","Suarez, Jose Leon 3401",0.043,NA,NA
8,PARQUE,Parque de las Victorias (canil),Larrazabal 4502,0.028,NA,NA
8,CANTERO CENTRAL ,ROCA CNEL AV 4500-6999,ROCA CNEL AV 4500-6999,1.82,NA,NA
8,CANTERO CENTRAL,RABANAL 2100 -3299,RABANAL 2100 -3299,15,NA,NA
8,CANTERO CENTRAL ,SIN DENOMINACION,Soldado de la Frontera 4900-5500,0.65,NA,NA
8,PLAZOLETA,SIN DENOMINACION,Valparaiso 3451,0.098,NA,NA
8,PLAZOLETA,SIN DENOMINACION,Valparaiso 3700,0.037,NA,NA
8,PLAZOLETA,"Delom, Bernardo B.",Villa De Masnou 3351,0.082,Mejora en patio de juegos,NA
8,VEREDA VERDE,27 DE FEBRERO AV. 5501-6501,27 DE FEBRERO AV.      5501,27,NA,NA
8,PARQUE,CASTAÑARES 3700-4000,Castañares Av. 3701,0.591,NA,NA
8,VEREDA VERDE,CHILAVERT 2601-2799,"CHILAVERT, MARTINIANO, CORONEL      2601",0.25,NA,NA
8,PLAZOLETA,"CORREA MORALES, LUCIO 2601-3001","CORREA MORALES, LUCIO      2601",0.55,NA,NA
8,CANTERO CENTRAL,FERNANDEZ DE LA CRUZ 2200-6099,FERNANDEZ DE LA CRUZ 2200-6099,12.12,NA,NA
8,CANTERO CENTRAL,"DELLEPIANE, GRAL. 4200-4400","DELLEPIANE, LUIS, TTE. GRAL.      4200",1.322,NA,NA
8,CANTERO CENTRAL,FERNANDEZ DE LA CRUZ 2601,FERNANDEZ DE LA CRUZ 2601,0.4,NA,NA
8,CANTERO CENTRAL,"ESCALADA, CELEDONIO 5400-5500","ESCALADA, CELEDONIO CMTE.      5400",0.072,NA,NA
8,VEREDA VERDE,F. DE LA CRUZ 3600-6099,"FERNANDEZ DE LA CRUZ, F., GRAL. AV.      3600",10,NA,NA
8,CANTERO CENTRAL,GOLETA SANTA CRUZ 6999,GOLETA SANTA CRUZ      6999,0.736,NA,NA
8,VEREDA VERDE,"JANER, ANA MARIA 2501-3399","JANER, ANA MARIA      2501",1.408,NA,NA
8,CANTERO CENTRAL,LAFUENTE 2300-2600,LAFUENTE AV. 2600,0.548,NA,NA
8,VEREDON VERDE,"MORENO, PERITO AV. 2901","MORENO, PERITO AV.      2901",0.44,NA,NA
8,PLAZA,PERGAMINO 3600,Pergamino 3601,0.324,NA,NA
8,PARQUE,PIEDRABUENA 3901,Piedra Buena Av. 3901,0.216,NA,NA
8,VEREDA VERDE,"PIZARRO, FRANCISCO 2701-2901","PIZARRO, FRANCISCO      2701",0.248,NA,NA
8,PARQUE,PORTELA 2301-2600,PORTELA      2301,0.769,NA,NA
8,PLAZOLETA,RIVERA INDARTE 3200,RIVERA INDARTE AV.      3200,0.1,NA,NA
8,CANTERO CENTRAL,"ROCA, CNEL. AV. 5252","ROCA, CNEL. AV.      5252",15.904,NA,NA
8,CANTERO CENTRAL,SAN PEDRITO E/W. COOKE Y FERRE,"SAN PEDRITO Y COOKE, JOHN W.",1.465,NA,NA
8,CANTERO CENTRAL,SOMELLERA 5500-5900,SOMELLERA      5500,0.226,NA,NA
8,VEREDA VERDE,VARELA 2200-2700,VARELA AV.      2200,0.785,NA,NA
9,Cantero central,C.Cent Corrales 6900-7400,AV. DE LOS CORRALES 6900-7400,0.04,NA,NA
9,Plazoleta, 17 de Mayo,CAROYA - MONTE - BASUALDO - CALLE S/D,0.223,NA,NA
9,Plazoleta, 18 de diciembre de 1872 -,"PAZ, Gral., Av. - BOSCH, VENTURA - Colectora (este) - TUYUTÍ",0.3,NA,NA
9,Plazoleta, Alfredo L. Palacios,"SUAREZ, JOSE L. - ACASSUSO - SALADILLO",0.175,NA,NA
9,Plaza, Pza. Ana Maria Mogas,"DE LA TORRE, LISANDRO, AV. - PATRON - ACASSUSO - PILAR",0.959,NA,NA
9,Plazoleta, Asturias Av. 2657,"ASTURIAS, Av 2600. e/ SANTANDER y SANTIAGO de COMPOSTELA",2.107,NA,NA
9,Plazoleta,Beato Luis Guanella,"CASTRO, EMILIO, AV. - LEGUIZAMON, MARTINIANO - SCHIMIDL, ULRICO",0.066,NA,NA
9,Jardin," Bermudez, Antonio 1453","BERMUDEZ, ANTONIO 1453",0.1,NA,NA
9,Plazoleta,Cooperadoras Escolares,"PAZ, Gral. Av. - GRARCÍA DE COSSIO - Colectora (este) - CAAGUAZÚ",0.18,NA,NA
9,Plazoleta,Dr. Carlos S. Lamas,"CARDENAS, CNEL., AV. - CARHUE - LAFERRERE, GREGORIO DE",0.238,NA,NA
9,Parque, Parque Alberdi,"DIRECTORIO, AV. - DE LA TORRE, LISANDRO, AV. - LEGUIZAMON, MARTINIANO - TANDIL",5.515,NA,NA
9,Plazoleta, Dr. Norberto Piñero,"Emilio Castr, Fragata Argentina y Montiel",0.063,NA,NA
9,Plaza, Dr. Onesimo Leguizamon,ERCILLA - FRAGATA LA ARGENTINA - GUAMINI - SCHMIDEL,0.698,NA,NA
9,Plazoleta, Fernando Ghio,"CARDENAS, CNEL., AV. - GARZON, E. - ANDALGALA",0.033,NA,NA
9,Cantero central,EUGENIO GARZON 4900,"GARZON, EUGENIO AV. 4900 E/ ESCALADA, AV. Y GUARDIA NACIONAL",0.026,NA,NA
9,Cantero central, EUGENIO GARZON 5000,"GARZON, EUGENIO AV. 5000 E/ GUARDIA NACIONAL Y BASUALDO",0.04,NA,NA
9,Cantero central, EUGENIO GARZON 5300,"GARZON, EUGENIO AV.5300 E/ CORVALAN Y ALBARIÑO",0.527,NA,NA
9,Plazoleta, Giacomo Puccini,"FINLANDIA - ERCILLA - CAÑADA DE GOMEZ - CASTRO, EMILIO, AV.",0.03,NA,NA
9,Plazoleta, Ignacio Corsini,MOZART - BRAGADO - TAPALQUE - PITAGORAS,0.04,NA,NA
9,Plaza, Ing. Estevez,"DELLEPIANE, LUIS J., TTE. GRAL., AV. - LACARRA, AV. - ALVAREZ, CRISOSTOMO - FERNANDEZ",1.608,NA,NA
9,Cantero Central, Irma Carrica,"SAN JUAN BAUTISTA DE LA SALLE,  E/ PERON, EVA AV. Y RECUERDO DE PROVINCIA",0.132,NA,NA
9,Plazoleta, Jacinto Oddone,"DERQUI, AV. - ECHEANDIA - ZINNY",0.022,NA,NA
9,Plazoleta, Justo Suarez,"CARDENAS, CNEL., AV. - DIRECTORIO, AV. - COSQUIN",0.022,NA,NA
9,Plaza,Plaza Di Pascuale,"LACARRA, AV. - DELLEPIANE, LUIS J., TTE. GRAL., AV.(NORTE) - AUTOPISTA PERITO MORENO (AU 6), PERITO, AUTOPISTA (AU 6) - PERON, EVA, AV.",1.241,NA,NA
9,Plazoleta,Latinoamericana,"EL PROFETA DE LA PAMPA - PADRE MONTES CARBALLO - SAN JUAN BAUTISTA DE LA SALLE, AV. - EL PROFETA DE LA PAMPA",0.122,NA,NA
9,Plazoleta, Luis J. de Tejeda,"DE LASALA, CANDIDO, TTE. DE NAVIO - BENIELLI, CARLOS J. - COSQUIN - AGUIRRE, JULIAN",0.136,NA,NA
9,Plazoleta,Luna Pelagio,"CASTRO, EMILIO, AV. - PIERES - PIZARRO",0.028,NA,NA
9,Plazoleta , Monte 6826,YRUPE  - MONTE - AMANCAY / MONTE 6826,0.305,NA,NA
9,Plazoleta,Pta. Eleodoro Marenco,YRUPE - COSQUIN - MONTE - AMANCAY,0.291,NA,NA
9,Plazoleta,Nicolas Repetto,FRAGATA TRINIDAD - ZELADA - FRAGATA HALCON - ZELADA,0.246,NA,NA
9,Parque, Parque Santojanni,MARTINIANO LEGUIZAMÓN. - PATRON - MURGUIONDO -  ACASSUSO ,1.105,NA,NA
9,Plaza,Plaza Cnel Martin Irigoye,"FONROUGE - GARCIA DE COSSIO - LARRAZABAL, AV. - PROPIEDAD PARTICULAR",0.769,NA,NA
9,Plaza, Plaza de los Mataderos,"CARDENAS, CNEL., AV. - CARHUE - LAFERRERE, GREGORIO DE",1.047,NA,NA
9,Plaza,Plaza Domingo Olivera,REMEDIOS - MOZART - TANDIL - MORETO,0.661,Mejora en patio de juegos,NA
9,Plaza,Plaza Henry Dunant,PRIMERA JUNTA - GUARDIA NACIONAL - CHAMICAL - CAROYA,0.489,NA,NA
9,Plaza, Salaberry ,"ALBERDI, JUAN B., AV. - CAFAYATE - BRAGADO - PILAR",0.635,NA,NA
9,Plaza, Plaza Sargento Cabral,"MARTINEZ DE HOZ - SUAREZ, JOSE L. - ARCE, MANUEL",0.403,NA,NA
9,Plaza,Plaza Sarmiento,TUYUTI - COSQUIN - HUMAITA - EL RASTREADOR,0.573,Mejora en patio de juegos,NA
9,Plazoleta, Plazoleta El Resero,"DE LA TORRE, LISANDRO, AV. - DE LOS CORRALES, AV. - MONUMENTO AL RESERO",0.026,NA,NA
9,Cantero central, Remedios 5501,"REMEDIOS, AV. 5500E/ FONROUGE Y POLA",0.301,NA,NA
9,Cantero central, Remedios 5696,"REMEDIOS, AV. 5600 E/ LARRAYA Y FONROUGE",0.047,NA,NA
9,Cantero central,Remedios 5701,REMEDIOS ENTRE LA QUENA Y LARRAYA ,0.017,NA,NA
9,Cantero central,REMEDIOS 5798,"REMEDIOS, AV. 5700  E/ LARRAZABAL, AV. Y LA QUENA",0.022,NA,NA
9,Plazoleta, Ricardo J. Calichio,"CARDENAS, CNEL., AV. - COSQUIN - TANDIL",0.02,NA,NA
9,Plaza,"Rodo, Jose E. 4256","RODO, JUAN - FERNANDEZ",0.018,NA,NA
9,Plazoleta, Romulo Zabala,-,0.625,NA,NA
9,Vereda Verde,Plazoleta De La Madre,"ARTIGAS, MANUEL - ALBERDI, JUAN B., AV. - CARHUE",0.04,NA,NA
9,Plaza,Plaza Isidora ,CAAGUAZU 5901,0.365,NA,NA
9,Plazoleta,CAGLILARI 1401-1450,CAGLILARI 1401-1450,0.099,NA,NA
9,Plazoleta,Plazoleta Emilio Castro y Basualdo,"CASTRO, EMILIO, AV. - SEQUEIRA - BASUALDO",0.053,NA,NA
9,Vereda Verde,P DEL CARRIL HUGO,"DE LOS CORRALES, LISANDRO LA TORRE, TIMOTEO GORDILLO ",0.1,NA,NA
9,Vereda Verde," RAGGIO DE BATTINI, MARIA","DE LOS CORRALES, Av. e/ GORDILLO, TIMOTEO y CAÑADA DE GÓMEZ",0.079,NA,NA
9,Vereda Verde,"MOHR, FRANCISCO ALEJANDRO","DE LOS CORRALES, Av. e/  CAÑADA DE GÓMEZ y COSQUÍN",0.079,NA,NA
9,Vereda Verde,"PERON, EVA, AV. 3991-4000",EVA PERON  E/LACARRA /VALLE. MARIA,0.008,NA,NA
9,Plazoleta," PERON, EVA, AV. 4001-4100","LACARRA, AV. - PROPIEDAD PARTICULAR - PERON, EVA, AV. 4000- VALLE, MARIA REMEDIOS DEL",0.1,NA,NA
9,Vereda Verde,LACARRA AV. 1586-1600,LACARRA  E /VALLE MARIA  /PRIMERA JUNTA,0.206,NA,NA
9,Vereda Verde," OLIVERA AV., MONTE Y HOMERO","OLIVERA, AV. - MONTE - HOMERO",0.016,NA,NA
9,Vereda Verde,"OLIVERA AV., Y PERITO MORENO","MORETO - MORENO, PERITO, AV. - OLIVERA, AV.",0.012,NA,NA
9,Cantero central, Remedios 5001,"REMEDIOS, AV 5001. E/ ARAUJO Y BASUALDO",0.033,NA,NA
9,Cantero central,Remedios 6001,"REMEDIOS, AV 6000. E/ MURGUIONDO Y OLIDEN",0.061,NA,NA
9,Plazoleta,P. JUNTA; WHITE Y LASALLE,"PRIMERA JUNTA - WHITE - SAN JUAN BAUTISTA  DE LA SALLE, AV.",0.022,NA,NA
9,Plazoleta, Zinny 1301,"MORENO, PERITO, AV. -ZINNY - MONTE - BRUIX, Av. ",0.069,NA,NA
9,Cantero central,  C. C. COMPOSTELA ,"SANTIAGO DE COMPOSTELA, AV. E/  ASTURIAS Y MOZART",0.111,NA,NA
9,Plazoleta, Boulevard Larrazabal,LARRAZABAL E/ EMILIO CASTRO Y COSSIO,0.06,NA,NA
9,Vereda Verde, Bermudez y Lacarra,"PASAJE S/D    E /  BERMUDEZ, ANTONIO Y LACARRA, AV.",0.06,NA,NA
9,Cantero central, S/D Boulevard Bilbao,BILBAO E/ LACARRA Y PORTELA,0.287,NA,NA
9,Plazoleta,San Cayetano de Liniers,"JUSTO, JUÁN, B. Av. - Colectora de acceso a PAZ, Gral. Av. - RESERVISTAS ARGENTINOS",0.659,NA,NA
9,Cantero central, San Juan Bautista de la S,"SAN JUAN BAUTISTA DE LA SALLE, e/ SAN PEDRO y GARZON EUGENIO, Gral. Av.",0.03,NA,NA
9,Cantero central, San Juan Bautista de la S,"SAN JUAN BAUTISTA DE LA SALLE, e/ EL PROFETA DE LA PAMPA Y CORREA GUILLERMO, Dr.",0.832,NA,NA
9,Cantero central, San Juan Bautista de la S,"SAN JUAN BAUTISTA DE LA SALLE, e/ RECUERDOS de PROVINCIA Y EL PROFETA DE LA PAMPA",0.086,NA,NA
9,Cantero central, Santiago de Compostela Av,"SANTIAGO DE COMPOSTELA, AV. E/ FERNANDEZ Y LACARRA, AV.",0.058,NA,NA
9,Cantero central,Santiago de Compostela Av,SANTIAGO DE COMPOSTELA AV. 3856,0.071,NA,NA
9,Cantero central, Santiago de Compostela Av,"SANTIAGO DE COMPOSTELA, AV 4001",0.1,NA,NA
9,Plazoleta,Santiago J. Chierico,"SUAREZ, JOSE L. - HUMAITA - SANTI, MIGUEL, SOLDADO ARCHIVISTA",0.03,NA,NA
9,Plazoleta,"PM-EV-Z5-C09 - Di Taranto, Tomasa",J.l Suarezm Humaita y luscher,0.022,NA,NA
9,Vereda Verde,PM-EV-Z5-C09 - Region Basilicita,"DE LOS CORRALES, Av. e/  COSQUÍN y ANDALGALÁ",0.08,NA,NA
9,Plazoleta,PM-EV-Z5-C09 - Plazoletas Bruix,"AV. BRUIX DESDE ALBERDI Y ESCALADA, HASTA TANDIL",0.1,NA,NA
9,Vereda Verde,PM-EV-Z5-C09 - Emilio Castro y Saladillo,"VVERD EMILIO CASTRO, SALADILLO Y FRAGATA TRINIDAD",0.102,NA,NA
9,Cantero central,PM-EV-Z5-C09 - Boulevar Alberdi,AV. JUAN B. ALBERDI ENTRE MURGUIONDO Y LARRAZABAL,0.045,NA,NA
10,Cantero central,Paseo del Cine,Ramón Falcón / Albariños / escalada,0.25,NA,NA
10,Cantero central,sin nombre ,   Av. Juan B. Justo  e/ Gana y Gral. Paz,0.014,NA,NA
10,Plazoleta,Homero 0,Av. Rivadavia 9292  / Homero 0 / AU6 ,0.075,NA,NA
10,Cantero Central,Bulevard Rivadavia,Av. Rivadavia 8500 - 8800,0.1,NA,NA
10,Paseo,Del Colectivo,Olivera 101 / Av. Rivadavia / Cnel R. Falcón,0.03,NA,NA
10,Cantero central,José Amalfitani,Manuel Porcel de Peralta / Alvarez Jonte 6395  / Paris / Marcelo Gamboa,0.695,NA,NA
10,Cantero central,Denominacion prov. Cantero Porcel de Peralta,Porcel De peralta 301,0.15,NA,NA
10,Plaza,Paseo de Versalles - Pérgola - Bomberos - Policía,Barragan 801 / Arregui / Manuel Porcel de Peralta / Cuartel Bomberos,1,NA,NA
10,Pasaje,Amigo de las Artes - Paseo de las artes  ,Av. Rivadavia / AU6 / Calderon de la Barca,0.07,NA,NA
10,Paseo,Yerbal 4401,Yerbal  4401 /Carrasco / Olivieri / FFCC Sarmiento,0.46,NA,NA
10,Vereda,Yerbal 3900,Yerbal / Segurola / Bahia Blanca,0.119,NA,NA
10,Plazoleta,White 217,White 217 / Rafaela / AU6,0.15,NA,NA
10,Paseo,Venancio Flores / Olivieri / Olmos,Venancio Flores / Olivieri / Olmos / FFCC Sarmiento ,0.2,NA,NA
10,Paseo,Venancio Flores e/ Segurola y Cuenca,Venancio Flores / Segurola /J.V. Gozalez / vias FFCC Sarmiento,0.2,NA,NA
10,Paseo,Venancio Flores e/ Segurola y Cuenca,Venancio Flores / J.V. Gonzalez / Concordia / FFCC Sarmiento,0.45,NA,NA
10,Paseo,Venancio Flores e/ Segurola y Cuenca,Venancio Flores / Concordia / Cuenca / FFCC Sarmiento,0.7,NA,NA
10,Plazoleta,La Victoria,Av. Gaona y Gualeguaychu / escuela / corralón,0.186,NA,NA
10,Plaza,29 de Diciembre de 2001,Mercedes  y  Epidio Gonzalez / escuela,0.48,NA,NA
10,Plaza,Ciudad de Banff,Lisboa 702 / Arregui / Lascano / Roma,1.5,NA,NA
10,Plaza,Ciudad de Udine,Mercedes  /  Camarones / Chivilcoy / escuela,0.95,NA,NA
10,Plazoleta ,De la Bandera,Juan B. Justo / Virrey Melo / Gaona /CARRASCO,0.31,NA,NA
10,Plaza,Don Bosco,Lopez de Vega / Miranda / Epidio Gonzalez / Hospital,1.5,NA,NA
10,Plaza,"Ernesto ""CHE"" Guevara",Ramón Falcón / Benedetti / pasaje sin nombre,0.68,NA,NA
10,Plaza,Guatemala,Alvarez Jonte y Juan B. Justo,0.058,NA,NA
10,Plaza,Monseñor Fermin Lafitte,Bermudez 2045 / Arregui / Allende / Hilario de Almeira,0.94,NA,NA
10,Plaza,Las Toscaneras,Moliere / Lista / Virgilio / J.P. Varela / vivienda particular,1.5,Mejora en rejas,NA
10,Plaza,Monte Castro,Miranda / Mercedes / Epidio Gonzalez / Gualeguaychu,1.26,Mejora en patio de juegos,NA
10,Plaza,Dr. Juan Bautista Teran,Melincue / Juan Esteban Martinez / Nogoya / José O. Gordillo,2,NA,NA
10,Plaza,Alberto Vaccarezza,Virgilio 1402 e/ Alcaraz y Moliere,0.456,NA,NA
10,Plaza,Velez Sarsfield,Avellaneda / Chivilcoy / Bogotá / Bahia Blanca,1.4,Mejora en patio de juegos,NA
10,Plaza,Villa Real,Bruselas / José Pedro Varela / Irigoyen / escuela,1.233,NA,NA
10,Plaza,Derechos del Hombre,Juan B. Justo 8451 / Cortina 650 / viviendas / Irigoyen,1,NA,NA
10,Plaza,Ejército de los Andes,Av. Rivadavia / Corvalan / Falcon / Albariños,1.01,NA,NA
10,Plazoleta,8 de Marzo - Día Internacional de la mujer,Juan B. Justo / Irigoyen / Margariños Cervantes,0.23,NA,NA
10,Plaza,José Eusebio Aguero,Roma 702 / Arregui / Lascano / escuela ,0.856,NA,NA
10,Plazoleta,Tte. Gral. Adolfo Arana,Irigoyen / Cortina / Av. Rivadavia,0.055,NA,NA
10,Plazoleta,Vicente Bellini,Av. Rivadavia / White 2 / Medina,0.062,NA,NA
10,Plazoleta,Carlos Gardel, Mozart / Emilio Castro,0.027,NA,NA
10,Plazoleta,Hugo Ricardo Corradi,Pedro Calderon de la Barca 98 / Yerbal 5002 ,0.07,NA,NA
10,Plazoleta,De la Amistad,White 320 -26-28-34-40-46/ Cajaravilla / Zelada,0.078,NA,NA
10,Plazoleta,Dr. Rodolfo Erausquin ,Gana 692 / Lascano / Fragueiro,0.035,NA,NA
10,Plazoleta,León Fontova,Falcon 4602 / Mozart / Medina,0.03,NA,NA
10,Plazoleta,Hercules,Sarachaga 5102 / Canónigo Miguel Calixto del Corro / Calderon de la Barca,0.021,NA,NA
10,Plazoleta,Hnas. A. Domon y L. Duquet,Medina 299 y Moreto 292,0.024,NA,NA
10,Plazoleta,Los Amigos ,Homero 106  e/ Falcon y Rafaela ,0.07,NA,NA
10,Plazoleta,Ceferino Namuncurá,Arregui 6402  / Barragan  /  Porcel de Peralta,0.069,NA,NA
10,Plazoleta,Prof. Ernestro Nelson,Juan B. Justo / Cesar Diaz / Miguel Del Corro,0.66,NA,NA
10,Plazoleta,Belisario Roldán,Santo Tomé 6701  / Gana / Calden,0.27,NA,NA
10,Plaza,Delfo Cabrera y Shakespeare ,Juan B. Justo  /  Irigoyen / Ruiz de los Llanos / sin nombre,0.7,NA,NA
10,Plazoleta, Cajaravilla,Cajaravilla 4683 / Au6 / White / vivienda particular ,0.033,NA,NA
10,Plazoleta,Alberto Castillo,Emilio Castro / Escalada 620 / Leopardi ,0.06,NA,NA
10,Plazoleta,Prof. Ernestro Nelson,J. B. Justo - Cesar Diaz - Moliere o Juan B. Justo / Saráchaga /  Cesar Diaz,0.03,NA,NA
10,Plazoleta,José María Gatica,Cesar Diaz 5502 / Juan B. Justo  8251,0.041,NA,NA
10,Plazoleta, San Cayetano -  Madrid 6901  ,Juan B. Justo 9815 / Cuzco,0.053,NA,NA
10,Plazoleta,Nogoyá 5801,Nogoya 5801 / Irigoyen / vivienda particular,0.07,NA,NA
10,Plazoleta,Patio de Cervantes ,Av. Rivadavia 9301 / Cervantes 80-86 /  AU6,0.1,NA,NA
10,Plazoleta,Patio de Yerbal , Yerbal 4940 / AU6 / vivienda particular/calderon de la Barca/yerbal,0.5,NA,NA
10,Plaza,Plaza de la Musica,Aguaribay 6768,0.022,NA,NA
11,CANTERO CENTRAL,"AGUSTINI, DELMIRA (PASEO DE LAS ARTES LATINOAMERICANAS)","CARRIL, SALVADOR MARIA DEL, AV.   E/ LLAVALLOL Y CONCORDIA",0.05,NA,NA
11,CANTERO CENTRAL,"BERNI, ANTONIO (PASEO DE LAS ARTES LATINOAMERICANAS)","CARRIL, SALVADOR MARIA DEL, AV. .  E/ SAN NICOLAS Y GONZALEZ, JOAQUIN V.",0.073,NA,NA
11,CANTERO CENTRAL,"CARPENTIER, ALEJO (PASEO DE LAS ARTES LATINOAMERICANAS)","CARRIL, SALVADOR MARIA DEL, AV.   E/ CONCORDIA Y LAMARCA, EMILIO",0.073,NA,NA
11,CANTERO CENTRAL,"CARRIL, HUGO DEL  (PASEO DE LAS ARTES LATINOAMERICANAS)","CARRIL, SALVADOR MARIA DEL, AV.   E/ GUALEGUAYCHÚ Y SANABRIA",0.063,NA,NA
11,CANTERO CENTRAL,"GUILLEN, NICOLAS (PASEO DE LAS ARTES LATINOAMERICANAS)","CARRIL, SALVADOR MARIA DEL, AV.   E/ LAMARCA, EMILIO Y SAN NICOLAS",0.072,NA,NA
11,CANTERO CENTRAL,"JARA, VICTOR (PASEO DE LAS ARTES LATINOAMERICANAS)","CARRIL, SALVADOR MARIA DEL, AV.   E/ BERMUDEZ Y CERVANTES",0.042,NA,NA
11,CANTERO CENTRAL,"KAHLO, FRIDA (PASEO DE LAS ARTES LATINOAMERICANAS)","CARRIL, SALVADOR MARIA DEL, AV.   E/ JUAREZ, BENITO Y ALLENDE",0.034,NA,NA
11,CANTERO CENTRAL,"MANSILLA, EDUARDA (PASEO DE LAS ARTES LATINOAMERICANAS)","CARRIL, SALVADOR MARIA DEL, AV.  E/ PAZ, MARCOS Y JUAREZ, BENITO",0.031,NA,NA
11,CANTERO CENTRAL,"MANSILLA, LUCIO V. (PASEO DE LAS ARTES LATINOAMERICANAS)","CARRIL, SALVADOR MARIA DEL, AV.  E/ DESAGUADERO Y LASTRA, AV.",0.032,NA,NA
11,CANTERO CENTRAL,MARTINEZ ESTRADA EZEQUIEL (PASEO DE LAS ARTES LATINOAMERICANAS),"CARRIL, SALVADOR MARIA DEL, AV.   E/SANABRIA Y SEGUROLA Av.",0.063,NA,NA
11,CANTERO CENTRAL,"MATHIS, LEONE (PASEO DE LAS ARTES LATINOAMERICANAS)","CARRIL, SALVADOR MARIA DEL, AV.  E/  LASTRA, AV. Y QUEVEDO",0.021,NA,NA
11,CANTERO CENTRAL,"NERUDA, PABLO (PASEO DE LAS ARTES LATINOAMERICANAS)","CARRIL, SALVADOR MARIA DEL, AV.  E/  MERCEDES Y GUALEGUAYCHÚ",0.062,NA,NA
11,CANTERO CENTRAL,"PARRA, VIOLETA (PASEO DE LAS ARTES LATINOAMERICANAS)","CARRIL, SALVADOR MARIA DEL, AV.  E/  CERVANTES Y PAZ, Gral. Av.",0.018,NA,NA
11,CANTERO CENTRAL,"RIVERA, DIEGO (PASEO DE LAS ARTES LATINOAMERICANAS)","CARRIL, SALVADOR MARIA DEL, AV.  e/ ALLENDE y DESAGUADERO",0.033,NA,NA
11,CANTERO CENTRAL,"ROZENMACHER, GERMÁN (PASEO DE LAS ARTES LATINOAMERICANAS)","CARRIL, SALVADOR MARIA DEL, AV.  E/ GONZALEZ, JOAQUÍN Y BAHÍA BLANCA",0.07,NA,NA
11,CANTERO CENTRAL,"VALLEJO, CÉSAR (PASEO DE LAS ARTES LATINOAMERICANAS)","CARRIL, SALVADOR MARIA DEL, AV.  E/ SEGUROLA, Av. Y Vías del FCGSM",0.095,NA,NA
11,CANTERO CENTRAL,VINICIUS DE MORAES (PASEO DE LAS ARTES LATINOAMERICANAS),"CARRIL, SALVADOR MARIA DEL, AV.  E/ QUEVEDO Y BERMUDEZ",0.026,NA,NA
11,CANTERO CENTRAL,"BOROWSKY, MICHEL (PASEO del BALLET ARGENTINO)","CHIVILCOY, AV.  E/ GABRIELA MISTRAL Y MOSCONI, GRAL., AV.",0.05,NA,NA
11,CANTERO CENTRAL,"FONTENLA, NORMA (PASEO del BALLET ARGENTINO)","CHIVILCOY, AV.  E/ HABANA Y CUBAS, JOSE",0.042,NA,NA
11,CANTERO CENTRAL,"GRANDE, DORA DEL (PASEO del BALLET ARGENTINO)","CHIVILCOY, AV.  E/ LOPEZ, CARLOS A. Y GRIVEO",0.052,NA,NA
11,CANTERO CENTRAL,"MERCE, ANTONIA, la Argentina (PASEO del BALLET ARGENTINO)","CHIVILCOY, AV.  E/ VALLEJOS(Vías del FFCC) Y mistral, gabriela",0.017,NA,NA
11,CANTERO CENTRAL,"NEGLIA, JOSE (PASEO del BALLET ARGENTINO)","CHIVILCOY, AV.  E/ CUBAS, JOSE Y VALLEJOS",0.041,NA,NA
11,CANTERO CENTRAL,"RUANOVA, MARÍA (PASEO del BALLET ARGENTINO)","CHIVILCOY, AV.  E/ MOSCONI, GRAL., AV. Y LOPEZ, CARLOS A.",0.051,NA,NA
11,CANTERO CENTRAL,S/D (PASEO del BALLET ARGENTINO),"CHIVILCOY, AV. E/ LADINES Y PAZ, GRAL., AV.",0.041,NA,NA
11,CANTERO CENTRAL,S/D,"CHIVILCOY, AV. E/ GRIVEO Y LADINES",0.052,NA,NA
11,VEREDON,ANEXO ESTACION VILLA DEVOTO,"Chivilvoy, Mercedes y las vias del FF.CC.",0.059,NA,NA
11,PLAZA,ARENALES,MERCEDES - BAHIA BLANCA - NUEVA YORK - PAREJA,3.13,Mejora en patio de juegos,Puesta en valor 2017/2018
11,CANTERO CENTRAL,BOULEVARD FAGNANO,"FAGNANO, JOSE, AV.  E/ CONCORDIA Y SAN MARTIN, AV.",0.094,NA,NA
11,PLAZOLETA,"CAMBIASSO, ANTONIO","NAZCA, AV. - MELINCUE - GUTIERREZ, RICARDO",0.003,NA,NA
11,PLAZOLETAS,COOPERADORAS ESCOLARES,Mosconi General Av. 4451,0.146,NA,NA
11,PLAZA,DE LA ASUNCION,"GAONA, AV. - GAVILAN - CARACAS - VIALE, LUIS",1.462,NA,NA
11,PLAZOLETA,"DE SARRATEA, MANUEL","JUSTO, JUAN B., AV. - TERRADA - TRES ARROYOS",0.014,NA,NA
11,PLAZOLETA,"Di CARO, FRANCISCO","SAN MARTIN, AV. - GUTEMBERG - DEL CARRIL, SALVADOR M., AV.",0.005,NA,NA
11,PLAZOLETA,"DONATO, EDGARDO","LINCOLN, AV. - SEGUROLA, AV. - MISTRAL, GABRIELA",0.021,NA,NA
11,PLAZOLETA,EL CAMPITO,"DESDE GUALEGUAYCHU Y R. GUTIERREZ (LADO SUR), HASTA N. YORK Y VIAS FFCC. SAN MARTIN",0.49,NA,NA
11,PLAZA,ERMINDO ONEGA,MOSCONI GRAL. AV. - GONZALEZ JOAQUIN V. -MISTRAL GABRIELA - BAHIA BLANCA,1.25,NA,NA
11,PLAZOLETA,"FAZIO, HERMENEGILDO,  Monseñor","MORAN, PEDRO - GONZALEZ, JOAQUIN V. - LINCOLN, AV.",0.031,NA,NA
11,PLAZOLETA,"GARCIA LORCA, FEDERICO","LINCOLN, AV. - GUALEGUAYCHU - CUBAS, JOSE",0.427,NA,NA
11,PLAZOLETA,"GUTIERREZ, RICARDO","BOLIVIA - RIVAS - GUTIERREZ, RICARDO",0.045,NA,NA
11,JARDIN,JARDIN DE VILLA DEL PARQUE,ARREGUI 3451,0.31,NA,NA
11,PLAZOLETA,"LARROQUE de ROFFO, ELENA ","GUTIERREZ, RICARDO - SAN NICOLAS - BEIRO, FRANCISCO AV.",0.16,NA,NA
11,PLAZOLETA,LÍBANO,"ASUNCION - GUTIERREZ, RICARDO - FERNANDEZ DE ENCISO - GUALEGUAYCHU",0.036,NA,NA
11,PLAZOLETA,"LINYERA, DANTE A.","SAN MARTIN, AV. - LOZANO, PEDRO - CONDARCO",0.082,Mejora en patio de juegos,Puesta en valor 2017/2018
11,PLAZOLETA,MARTIN PESCADOR,"M. PESCADOR, JONTE, T. VILARDEBO",0.12,NA,NA
11,PLAZOLETA,"MAZZA, SALVADOR, Dr.","BERMUDEZ - LOZANO, PEDRO - SOLORZANO PEREIRA, JUAN DE",0.043,NA,NA
11,CANTERO CENTRAL,METROBUS SAN MARTIN,AV SAN MARTIN 2202 AL 7498,0.3,NA,NA
11,PLAZOLETA,NIGERIA,"JUSTO, JUAN B., AV. - TERRERO - BELAUSTEGUI, LUIS, DR.",0.026,NA,NA
11,PLAZA,PASEO DE LOS ENCUENTROS,"CHIVILCOY, AV 4522",0.67,NA,NA
11,PLAZOLETA,"PILDSUDSKI, JOSE, Mcal.","SAN MARTIN, AV. - PAREJA - LLAVALLOL",0.032,NA,NA
11,VEREDON,PJE SAN NICOLAS,SAN NICOLAS - JONTE -  LASCANO,0.104,NA,NA
11,PLAZOLETA,PLACITA MELINCUE,Melincue y vias del FF.CC,0.075,NA,NA
11,PLAZOLETA,POLICÍA FEDERAL ARGENTINA,"LINCOLN, AV. - GUALEGUAYCHU - HABANA",0.043,NA,NA
11,PLAZOLETA,PORTO ALEGRE,"SAN MARTIN, AV. - NAZARRE - BOLIVIA",0.129,NA,Puesta en valor 2017/2018
11,PLAZOLETA,"RAFFO BONTA, ROMEO",EMPEDRADO - SANTO TOME - BOLIVIA,0.025,NA,NA
11,PLAZA,RAVIGNANI EL MAESTRO,"BEIRO, RAMON LISTA, CERVANTES",0.763,NA,NA
11,PLAZOLETA,"REGIMIENTO 10º de CABALLERIA ""HUSARES de PUEYRREDON""","GUTIERREZ, RICARDO - FERNANDEZ DE ENCISO - LAVAISSE, BENJAMÍN",0.055,NA,NA
11,PLAZOLETA,REPÚBLICA ÁRABE SIRIA,"ASUNCION - GUALEGUAYCHU - GUTIERREZ, RICARDO",0.042,NA,NA
11,PLAZA,"RICCHIERI, PABLO, Tte. Gral.","BEIRO, FRANCISCO, AV. - QUEVEDO - DESAGUADERO - VARELA, JOSE P.",1.764,NA,NA
11,PLAZOLETA,S/D,"PAZ, GRAL. AV. - VALLEJOS",0.003,NA,NA
11,PLAZOLOETA,S/D,SAN MARTÍN AV. - NOGOYÁ - BAIGORRIA,0.006,NA,NA
11,VEREDON,S/D,"AV SAN MARTIN, CONCORDIA Y VALLEJOS",0.007,NA,NA
11,VEREDON,S/D,AV SAN MARTIN Y COLECTORA,0.013,NA,NA
11,PZETA,S/D,"MOSCONI, SANABRIA Y SEGUROLA",0.014,NA,NA
11,PLAZOLETA,S/D,FRANCO 3701,0.016,NA,NA
11,VEREDON,S/D,"AV SAN MARTIN, CONCORDIA Y GENERAL MISTRAL",0.016,NA,NA
11,PLAZOLETA,S/D,SIMBRÓN - CONCORDIA - Vías del FCSM,0.037,NA,NA
11,PLAZOLETA,S/D,"Gral Paz, Mosconi y las Vìas del Ferrocarril",0.214,NA,NA
11,PLAZOLETA,S/D,"JONTE, E.LAMRACA, MIRANDA",0.12,NA,NA
11,PLAZA,S/D (LINDERA POLIDEPORTIVO ONEGA),"BAHÍA BLANCA, MOSCONI, Y MISTRAL",0.812,NA,NA
11,PLAZOLETA,S/D ESTAC DEVOTO LADO NOR OESTE,"GUTIERREZ RICARDO, ASUNCIÓN Y GUALEGUAYCHU",0.092,NA,NA
11,PLAZOLETA,S/D ESTAC DEVOTO LADO SUR,GUTENBERG 3702,0.142,NA,NA
11,PLAZOLETA,S/D LA MANO,"CHIVILCOY, AV 4501",0.015,NA,NA
11,VEREDON,S/D PLAZOLETAS LIBERTADOR,AV SAN MARTIN Y VIAS FFCCU,0.084,NA,NA
11,PLAZOLETA,SUM LADO NORTE,CUENCA 3101 ,0.023,NA,NA
11,PLAZOLETA,SUM LADO SUR,CUENCA 3102 ,0.03,NA,NA
11,PLAZA,"SÁENZ PEÑA, ROQUE, Dr.","JUSTO, JUAN B., AV.- BOYACA, AV.- ESCALADA DE SAN MARTIN, REMEDIOS DE - LAMAS, ANDRES",1.4,NA,NA
11,PLAZOLETA,"SAN MARTÍN de BALCARCE, MERCEDES","LAMAS, ANDRES - ESCALADA DE SAN MARTIN, REMEDIOS DE  - ACHUPALLAS",0.16,NA,NA
11,PLAZOLETA,"SOTOMAYOR, LINDOR B.",VILARDEBO T. - CNEL. ROHDE - M.PESCADOR - JACHAL,0.12,NA,NA
11,PLAZA,"VALLE, ARISTÓBULO DEL",CUENCA - BAIGORRIA - CAMPANA - MÁRCOS SASTRE,1.63,Colocacion de bomba,NA
11,PLAZOLETA,VILLA SANTA RITA,"CUENCA - JUSTO, JUAN B., AV. - GALICIA",0.025,NA,NA
11,PLAZOLETA,"WILLIAMS, JORGE N.","LOZANO, PEDRO - HELGUERA - GUTIERREZ, RICARDO",0.12,NA,NA
12,PLAZA,AFRICA,"SAN ISIDRO LABRADOR, AV. E/ ARIAS Y DEHEZA",0.151,NA,NA
12,PLAZA,ALBERDI,"ACHA, MARIANO - MACHAI - NUÑEZ - LARRALDE, CRISOLOGO, AV.",1.468,NA,NA
12,PLAZA,"ALEM, LEANDRO N.","LARSEN - ARTIGAS - COCHRANE - BUFANO, ALFREDO R.",1.104,Colocacion de sistema de riego,NA
12,PLAZOLETA,"ALLENDE, SALVADOR ",GOYENECHE/HOLMBERG ENTRE TAMBORINI E IBERA,0.377,NA,NA
12,CANTERO CENTRAL,"ALMADA, JORGE MARIANO","SAN ISIDRO, LABRADOR ENTRE RAMALLO Y CORREA",0.143,NA,NA
12,PLAZOLETA,"ALMONACID, VICENTE ALMANDOS, CAPITAN AVIADOR","BALBIN, RICARDO, DR., AV. E/ RUIZ, HUIDOBRO Y MILLER",0.089,NA,NA
12,CANTERO CENTRAL,"AROLAS, EDUARDO","BALBIN, RICARDO, DR., AV.  E/ ARIAS Y PICO",0.087,NA,NA
12,CANTERO CENTRAL,"BALBIN, RICARDO, Dr.","BALBIN, RICARDO, DR., AV.  E/ SALTO Y PICO",0.084,NA,NA
12,CANTERO CENTRAL,"BANCHS, ENRIQUE","SAN ISIDRO LABRADOR, AV. (E) - PAROISSIEN - VILELA",0.135,NA,NA
12,PLAZA,BARRIO GENERAL SAN MARTIN,"DE LOS CONSTITUYENTES, AV. - ALVAREZ PRADO, MANUEL - PAZ, GRAL., AV. - SAN MARINO - NAZCA, AV. (SECTORES)",13.847,NA,NA
12,PLAZA,BARRIO SAENZ PEÑA,"BALBIN, MILLER, VALDENEGRO, FLOR DEL AIRE, GALVAN",2.96,NA,NA
12,PLAZA,BO PRESIDENTE MITRE,ESPACIOS INTERNOS BARRIO MITRE,2.906,NA,NA
12,CANTERO CENTRAL,BOULEVARD BALBIN,BALBIN E/ CORREA Y MILLER,0.301,NA,NA
12,CANTERO CENTRAL,BOULEVARD DONADO / GOYENECHE,DONADO/ GOYENECHE ENTRE PICO Y PAROISSIEN,0.799,NA,NA
12,CANTERO CENTRAL,BOULEVARD GARCIA DEL RIO S/D,GARCIA DEL RIO ENTRE ZAPIOLA Y MOLDES,0.794,NA,NA
12,CANTERO CENTRAL,BOULEVARD GOYENECHE / HOLMBERG,GOYENECHE / HOLMBERG ENTRE PICO Y CONGRESO,7.407,Mejora en patio de juegos,NA
12,CANTERO CENTRAL,BOULEVARD ROOSEVELT,ROOSEVELT E/ PACHECO Y CONSTITUYENTES,3.878,NA,NA
12,CANTERO CENTRAL,BOULEVARD RUIZ HUIDOBRO,"RUIZ, HUIDOBRO AV.  E/ MILLER Y WASHINGTON",0.288,NA,NA
12,CANTERO CENTRAL,"CAMPANA, JOAQUIN","SAN ISIDRO LABRADOR, AV. E/ CORREA Y RUIZ HUIDOBRO, AV.",0.124,NA,NA
12,PLAZOLETA,"CATALINAS , VILLA DE LAS","LE BRETÓN, TOMÁS A. - BAUNES - TRIUNVIRATO, Av.",0.038,NA,NA
12,CANTERO CENTRAL,"CAVAGNA MARTINEZ, ILDEFONSO F.","GARCIA DEL RIO, AV. ENTRE AMENABAR Y MOLDES",0.236,NA,NA
12,PLAZOLETA,COMBATIENTES DE MALVINAS,"THOMAS, ALVAREZ y COMBATIENTE DE MALVINAS e/MENDOZA y OLAZABAL",0.039,NA,NA
12,PLAZOLETA,"CONTURSI, PASCUAL","MONROE, AV. - BAUNESS",0.012,NA,NA
12,PLAZA,COOPERADORAS ESCOLARES 1,"VEDIA,ZAPIOLA Y CONESA",0.103,NA,NA
12,PLAZA,COOPERADORAS ESCOLARES 2,"BALBIN , COLECTORA GRAL PAZ ,DONADO , PJE V MONTES",0.276,NA,NA
12,PLAZOLETA,CURUZU-CUATIA,"BALBIN, RICARDO, DR., AV. - CONDE - QUESADA",0.02,NA,NA
12,PLAZOLETA,"CZETZ, JUAN F., Cnel.","BALBIN, RICARDO, DR., AV. - ROMULO NAON. - LARRALDE, CRISOLOGO, AV.",0.036,NA,NA
12,CANTERO CENTRAL,"DELFINO, ENRIQUE","MENDOZA e/ TRIUNVIRATO, Av. Y BARZANA",0.147,NA,NA
12,PLAZOLETA,DIVERSOS 2,CONSTITUYENTES AV. - ROOSEVELT AV.,0.029,NA,NA
12,PLAZOLETA,DIVERSOS 3,HOLMBERG Y AV OLAZABAL,0.09,NA,NA
12,PLAZOLETA,DIVERSOS 4,HOLMBERG Y BLANCO ENCALADA,0.052,NA,NA
12,PLAZOLETA,DIVERSOS 5,HOLMBERG Y LE BRETON,0.039,NA,NA
12,PLAZA,DIVERSOS 6,NAZCA Y CURUPAITY B,1.955,NA,NA
12,PLAZA,DIVERSOS 7,PERIMETRO FRENTE PARQUE SARMIENTO Y TERRENOS CIRCUNDANTE,0.841,NA,NA
12,PLAZA,DIVERSOS 8,"PERIMETRO PARQUE SARMIENTO, VEREDAS DELIMITADO POR BALBIN",1.801,NA,NA
12,PLAZOLETA,DIVERSOS 9,DONADO E/ SUCRE Y LA PAMPA,0.135,NA,NA
12,PLAZA,ECHEVERRIA,"RIVERA, PEDRO I., DR. - BAUNESS - NAHUEL HUAPI - CAPDEVILA, ARTURO",0.985,Reparacion sistema de riego,NA
12,PLAZOLETA,"ESCUDERO, PEDRO, Dr.","PEREZ ROQUE - GARCIA DEL RIO, AV. - MELIAN - PAROISSIEN",0.484,Colocacion de hamacas,NA
12,PLAZA,ESLOVAQUIA,GOYENECHE /HOLMBERG ENTRE IBERA Y QUESADA,0.336,NA,NA
12,PLAZA,ESTACION COGHLAN,"PREDIO ESTACION COGHLAN, MONROE, ESTOMBA",2.9,NA,NA
12,CANTERO CENTRAL,"FILIPO, VIRGILIO, Presbítero","SAN ISIDRO LABRADOR, AV. E/ DEHEZA Y PICO",0.086,NA,NA
12,PLAZOLETA,"FIORENTINO, FRANCISCO","BALBIN, RICARDO, DR., AV. - TAMBORINI - PEREZ, ROQUE",0.021,NA,NA
12,PLAZA,"GANDULFO, PETRONA C., Doña","PEDRAZA, MANUELA - NUÑEZ - GOYENECHE ",0.632,NA,NA
12,PLAZA,GIANANTONIO,"OBISPO SAN ALBERTO - CONDARCO - CABEZON, JOSE L. - BOLIVIA - LADINES - ARTIGAS, JOSE G., GRAL. - VIAS DEL FCGBM",1.259,NA,NA
12,CANTERO CENTRAL,"GIRONDO, OLIVERIO","SAN ISIDRO LABRADOR, AV. E/ RAMALLO Y ARIAS",0.118,NA,NA
12,PLAZA,HUNGRÍA,RAMALLO - HOLMBERG - ARIAS - GOYENECHE Av.,0.405,NA,NA
12,PLAZA,JORGE CASAL,"TRIUNVIRATO, Av. -  ROOSVELT, FRANKLIN D. Av. - DIAZ COLODREDO - Vías del FFCC",0.364,NA,NA
12,CANTERO CENTRAL,"LALLEMANT, GERMÁN AVE, Ing.","GARCÍA DEL RÍO, Av. e/ VIDAL y CRAMER",0.234,NA,NA
12,PLAZOLETA,"LE PERA, ALFREDO",BESARES - CONDE - SUPERI - VILELA,0.16,NA,NA
12,PLAZOLETA,"LOMUTO, FRANCISCO","BALBIN, RICARDO, DR., AV. - GARCIA DEL RIO, AV. - TRONADOR",0.02,NA,NA
12,CANTERO CENTRAL,"MALAGARRIAGA, CARLOS","SAN ISIDRO LABRADOR, VILELLO, CABILDO,MANZANARES",0.073,NA,NA
12,CANTERO CENTRAL,"MARASSO, ARTURO","SAN ISIDRO LABRADOR, AV. E/ BESARES Y RUIZ HUIDOBRO, AV.",0.099,NA,NA
12,CANTERO CENTRAL,"MARTINEZ, REGIS","SAN ISIDRO LABRADOR, AV. E/ PICO Y VEDIA",0.013,NA,NA
12,CANTERO CENTRAL,"MATOS RODRIGUEZ, GERARDO","BALBIN, RICARDO, DR., AV.  E/ CORREA Y ARIAS",0.087,NA,NA
12,PLAZOLETA,"MILLAN, DOMINGO ALEJO, Cap.",QUESADA - PLAZA - SAN FRANCISCO DE ASIS,0.09,NA,NA
12,PLAZA,NUEVA COMUNA 12,MONROE Y HOLMBERG,0.1,NA,NA
12,PLAZA,NUNCA MAS ,"OBISPO SAN ALBERTO, ARTIGAS, NAZCA, VIAS DEL FCGBM",1.255,NA,NA
12,CANTERO CENTRAL,"PASSAPONTI, DARWIN","GARCIA DEL RIO, AV.  E/ CIUDAD DE LA PAZ Y AMENABAR",0.244,NA,NA
12,PLAZA,PATIO PORTEÑO,NAZCA Y CURUPAITY ,0.085,NA,NA
12,PLAZOLETA,"PEREZ, PASCUAL","BESARES - VILELA - PEREZ, ROQUE - SUPERI",0.124,NA,NA
12,PLAZA,S/D,BAUNES ENTRE RIVERA Y ROOSVELT,0.101,NA,NA
12,PLAZOLETA,"PIPET, MATIAS","RUIZ, HUIDOBRO AV. - VALDENEGRO  -GALVAN - BALBIN, RICARDO, DR., AV.",0.158,NA,NA
12,CANTERO CENTRAL,"PIZARNIK, ALEJANDRA","SAN ISIDRO LABRADOR, Av. e/PAROISSIEN y VILELA",0.059,NA,NA
12,PLAZA,PLAZA SIRIA,TRIUNVIRATO Y BALBIN,0.046,NA,NA
12,PLAZOLETA,PLAZOLETA CRAMER,CRAMER 4802,0.026,NA,NA
12,PLAZA,REPÚBLICA SOCIALISTA DE VIETNAM,GOYENECHE/HOLMBERG ENTRE QUESADA Y CONGRRESO,0.477,NA,NA
12,PLAZA,"RODRIGUEZ, MARTÍN",HELGUERA - PAREJA - ARGERICH - HABANA,1.325,Colocacion de bomba sumergible,NA
12,CANTERO CENTRAL,S/D,ACCESO GRAL PAZ HACIA RIO DE LA PLATA,0.21,NA,NA
12,PLAZOLETA,S/D,PLAZA - SAN FRANCISCO DE ASIS - IBERA,0.031,NA,NA
12,PLAZOLETA,S/D,"BALBIN, M. ACHA, VILELA",0.013,NA,NA
12,PLAZOLETA,S/D,"BALBIN, RICARDO, DR., AV. - MILLER - BESARES",0.017,NA,NA
12,PLAZOLETA,S/D,"BALBIN, RICARDO, DR., AV. - NAÓN, RÓMULO S., Dr. - JARAMILLO",0.014,NA,NA
12,PLAZOLETA,S/D,HOLMBERG E/ DR. PEDRO RIVERA Y NAHUEL HUAPI,0.029,NA,NA
12,PLAZOLETA,S/D,HOLMBERG E/ DR. PEDRO RIVERA Y VIAS FFCC,0.035,NA,NA
12,PLAZOLETA,S/D,LARRALDE Y ANDONAEGUI,0.006,NA,NA
12,PLAZOLETA,DE LA AMISTAD,"ROOSEVELT, PLAZA Y VIAS",0.043,NA,NA
12,PARQUE,SAAVEDRA,"GARCIA DEL RIO, AV. - MELIAN, AV. - VILELA - PEREZ, ROQUE - BESARES - CONDE - PINTO - FREIRE, RAMON, CAP. GRAL.",9.48,Colocacion de bomba sumergible,NA
NA,NA,NA,NA,NA,Colocacion de hamacas,NA
12,CANTERO CENTRAL,"SAMPAY, ARTURO ENRIQUE","GARCIA DEL RIO, AV.  E/ CABILDO, AV. Y CIUDAD DE LA PAZ",0.261,NA,NA
12,CANTERO CENTRAL,"SANCHEZ VIAMONTE, CARLOS","SAN ISIDRO LABRADOR, AV. E/ BESARES Y VILELA",0.12,NA,NA
12,PLAZA,"SASTRE, MARCOS","MONROE, AV. - MILLER - VALDENEGRO - ROOSVELT",0.549,NA,NA
12,PLAZOLETA,SENDERO MANZANARES,MANZANARES ENTRE VALDENEGRO Y MILLER,0.083,NA,NA
12,PLAZOLETA,"SOSA, JULIO","BALBIN, RICARDO, DR., AV. - NUÑEZ - WASHINGTON",0.102,NA,NA
12,PARQUE,PARQUE MUJICA,NA,21,Mejora en patio de juegos,NA
12,PARQUE,GENERAL PAZ,NA,NA,NA,NA
12,PARQUE,PIONEROS DE LA ANTARTIDA ARGENTINA,NA,NA,NA,NA
12,PLAZA,"SOLANO LIMA, VICENTE, Dr.","PELLEGRINI, CARLOS -  YRURTIA, ROGELIO",NA,NA,NA
12,PLAZA,"VICUÑA MACKENNA, BENJAMIN",RAMALLO - CONESA - CRAMER - ARIAS,0.82,Mejora en patio de juegos,Puesta en valor 2017/2018
12,PLAZA,"ZAPIOLA, JOSÉ MATÍAS, Brig. Gral.","ACHA, MARIANO - JURAMENTO - DONADO - ECHEVERRIA",1.163,Mejora en patio de juegos,Puesta en valor 2017/2018
12,PARQUE,PARQUE GENERAL PAZ,NA,21,NA,NA
13,PLAZOLETA,"FIRPO, ROBERTO","DEL PINO, VIRREY - CRAMER - ELCANO, AV.",0.005,NA,NA
13,PLAZOLETA,"NELSON, JULIO JORGE","AVILES, VIRREY - ELCANO, AV. - SUPERI",0.058,NA,NA
13,PLAZOLETA,POSTA AEROBICA,"ARENAL, CONCEPCIÓN - CRAMER - CEAMSE",0.085,NA,NA
13,PLAZOLETA,ZARRAGA,ZARRAGA Y SUPERI,0.076,NA,NA
13,PLAZOLETA,"BARDI, AGUSTIN",AV. FIGUEROA ALCORTA Y LA PAMPA,0.131,NA,NA
13,PLAZOLETA,TRINIDAD Y TOBAGO,"VEDIA - GRECIA - PAZ, GRAL., AV. - PROP. APRTICULAR",0.13,NA,NA
13,PLAZOLETA,S/D - BALBIN E/ ZAPIOLA Y MONROE,"BALBIN, RICARDO, DR., AV. - MONROE, AV. - ZAPIOLA",0.026,NA,NA
13,PLAZOLETA,SANTA MARÍA DE LOS BUENOS AIRES,"ELCANO, AV. - VIDAL - HERNANDEZ, JOSE",0.018,NA,NA
13,PLAZA,"BUSTILLO, ALEJANDRO, ARQ.","OBLIGADO, RAFAEL, Av. Costanera - Restaurant (Heresford, Local Nb) - Parque Balneario Norte - Restaurant (Negro el Once, Local 11)",0.081,NA,NA
13,PLAZA,"KURCHAN, JUÁN, ARQ.","OBLIGADO, RAFAEL, Av. Costanera - Restaurant (ex A Los Amigos, Local R4) - Parque Balneario Norte - Restaurant (Los Platitos, Local Na)",0.149,NA,NA
13,PLAZOLETA,"PADILLA, ERNESTO","ELCANO, AV. - MARTINEZ - AVILES, VIRREY",0.025,NA,NA
13,PLAZOLETA,"MORAZAN, FRANCISCO, GRAL.","ARCOS - ARREDONDO, VIRREY - LORETO, VIRREY",0.033,NA,NA
13,PLAZOLETA,CESAR TIEMPO,VIRREY VERTIZ 1601,0.044,NA,NA
13,PLAZOLETA,S/D  - GRAL PAZ Y AV. DEL LIBERTADOR,"PAZ GRAL E/ DEL LIBERTADOR, Av. y 11 DE SEPTIEMBRE DE 1888",0.034,NA,NA
13,PLAZOLETA,PASAJE NUÑEZ,MANUELA PEDRAZA Y VÍAS FFCC ,0.032,NA,NA
13,VEREDA VERDE,VEREDA PARQUE NORTE,VEREDA PARQUE NORTE (FRENTE CIUDAD UNIVERSITARIA) DESDE BAJADA PUENTE ORTIZ,0.025,NA,NA
13,PATIO,CONCEPCION ARENAL,ARENAL CONCEPCION - CONESA ,0.102,NA,NA
13,PLAZA,"KARMAN, RENÉ, ARQ","OBLIGADO, RAFAEL, AV. COSTANERA - RESTAURANT (EX LOS AÑOS LOCOS, LOCAL NG) - PARQUE BALNEARIO NORTE - ESTACIONAMIENTO",0.076,NA,NA
13,PLAZA,"DELPINI, JOSÉ LUIS, ARQ. ING.","OBLIGADO, RAFAEL, AV. COSTANERA - RESTAURANT (NEGRO EL  ONCE, LOCAL 11) - PARQUE BALNEARIO NORTE - RESTAURANT (EX  A LOS AMIGOS, LOCAL R 4)",0.083,NA,NA
13,PLAZA,"PLEBISCH, ALBERTO, H, ARQ.","OBLIGADO, RAFAEL, AV. COSTANERA - ESTACIONAMIENTO - PARQUE BALNEARIO NORTE - RESTAURANT (LOS PLATITOS, LOCAL NA)",0.089,NA,NA
13,PLAZA,"VILAR, ANTONIO, NG.","OBLIGADO, RAFAEL, AV. COSTANERA - ESTACIONAMIENTO - PARQUE BALNEARIO NORTE - RESTAURANT (SOLANAS, LOCAL 27)",0.051,NA,NA
13,PLAZOLETA,EVSD ALVAREZ THOMAS,ALVAREZ THOMAS Y SANTOS DUMONT,0.153,NA,NA
13,PLAZOLETA,ROTONDA ENTRADA UNIVERSITARIA,INT. GUIRALDES Y AV. CANTILO,0.099,NA,NA
13,JARDÍN,EVSD ,"CANTILO, INT., AV. Y VIAS DEL FCGBM",0.23,NA,NA
13,PLAZA,CLEMENTE,"CONDE -  ARENAL, CONCEPCION - MARTINEZ, ENRIQUE, GRAL. - PROP. PART.",0.188,NA,NA
13,PLAZOLETA,"MOSCONI, ENRIQUE, GRAL.","DEL LIBERTADOR, AV. - DEL PINO, VIRREY - LORETO, VIRREY - SOLDADO DE LA INDEPENDENCIA",0.109,NA,NA
13,PLAZA,"HERNANDEZ, RAFAEL","ECHEVERRIA - VUELTA DE OBLIGADO - MOM, POLICARPO",0.2,NA,NA
13,VEREDA VERDE,VEREDA TIRO FEDERAL,UDAONDO LIBERTADOR LUGONES,0.79,NA,NA
13,PLAZA,"WILLIAMS, AMANCIO, ARQ.","OBLIGADO, RAFAEL, Av. Costanera - LA PAMPA - Parque Balneario Norte - Estacionamiento",0.137,NA,NA
13,PLAZOLETA,PASAJE ZUBERBUHLER ,ZUBERBÜHLER-VÍAS FFCC-VIRREY DEL PINO-LA PAMPA,0.157,NA,NA
13,PLAZOLETA,"SUAREZ, GASPAR","DEL LIBERTADOR, Av. - SOLDADO de la INDEPENDENCIA - LORETO, Virrey",0.13,NA,NA
13,PLAZA,PATIO RECREATIVO DEL NIÑO,OHIGGINS- JUANA AZURDUY,0.175,NA,NA
13,PLAZOLETA,"OLIVERA, EDUARDO","DEL LIBERTADOR, AV. - DEL PINO, VIRREY - CAMPOS, LUIS M., AV.",0.154,NA,NA
13,VEREDA VERDE,EVSD GRECIA Y PEDRAZA,GRECIA-MANUELA PEDRAZA-IBERÁ-VÍAS FFCC,0.194,NA,NA
13,PLAZOLETA,EVSD VIRREY VERTIZ Y ECHEVERRIA,"VERTIZ, VIRREY, AV. - ECHEVERRIA - AREA SERVIDUMBRE DE PASO - JURAMENTO",0.13,NA,NA
13,PLAZOLETA,"QUIROGA, ADAN","DEL LIBERTADOR, AV. - UDAONDO, GUILLERMO, AV.",0.139,NA,NA
13,PLAZA,"ACOSTA, WLADIMIRO, ARQ.","GUIRALDES, INTENDENTE - ESTACIONAMIENTO - PARQUE BALNEARIO NORTE - ESTACIONAMIENTO",0.803,NA,NA
13,PLAZOLETA,ALEXANDER FLEMING,"QUINTEROS, LIDORO, AV. Y HERNANDEZ RAFAEL",0.204,NA,NA
13,PLAZA,PATIO JARDIN DE ESCULTURAS ,HUSARES - PROPIEDAD PARTICULAR - CAZADORES - PROPIEDAD PARTICULA - MONROE,0.27,NA,NA
13,VEREDON VERDE,VEREDA CIUDAD UNIVERSITARIA,VEREDA CIUDAD UNIVERSITARIA DESDE PARQUE DE LA MEMORIA HASTA BAJADA PTE. ORTIZ,0.34,NA,NA
13,PLAZOLETA,PORTUGAL,"ELCANO, AV. - AVILES, VIRREY - CRAMER - DEL PINO, VIRREY - VIAS DEL FCBM",0.309,NA,NA
13,PLAZA,DE LOS OLMOS,"ECHEVERRIA - ZAPIOLA - SUCRE, ANTONIO JOSE DE, MCAL. - VIAS DEL FCGBM",0.37,NA,NA
13,PLAZA,REPÚBLICA DE HONDURAS,"FIGUEROA ALCORTA, PRES., AV. - MONROE, AV.- RAMSAY",0.345,NA,NA
13,CANTERO CENTRAL,"FILIPINAS, PASEO REPUBLICA DE ","DE LOS INCAS, AV.  E/ CRAMER Y FOREST AV.",0.436,NA,NA
13,PLAZOLETA,"URIBE, MANUEL, BRIG. GRAL., DON","LA PAMPA - OBLIGADO, RAFAEL, AV. COSTANERA",0.35,NA,NA
13,PLAZOLETA,"ZANNI, PEDRO, COMODORO","CANTILO, INT., AV. - LA PAMPA",0.37,NA,NA
13,PARQUE,PUERTO PIBES,"CANTILO, ECHEVERRIA, PQUE NORTE, TIERRA SANTA",2.99,NA,NA
13,PLAZA,NORUEGA,CIUDAD DE LA PAZ - AMENABAR - MENDOZA - PROPIEDAD PARTICULAR,0.56,NA,Puesta en valor 2017/2018
13,PLAZOLETA,"RAMIREZ, FRANCISCO, GRAL.","MOLDES - PEDRAZA, MANUELA - TAMBORINI, JOSE P.",0.615,NA,NA
13,CANTERO CENTRAL,"DEMARE, LUCIO","COMODORO RIVADAVIA, AV.  E/ CABILDO, AV. Y DEL LIBERTADOR, AV.",0.9,NA,NA
13,CANTERO CENTRAL,"VALLE, JUAN JOSE, GRAL.","QUINTEROS, LIDORO, AV.  E/ MONROE, AV. Y FIGUEROA ALCORTA, PRES., AV.",0.338,NA,NA
13,PLAZA,"LIMA, FELIX",RAMALLO - CUBA - ARIAS - ARCOS,0.77,NA,NA
13,PLAZA,BALCARCE,"CABILDO, AV. - MANZANARES - VUELTA DE OBLIGADO - JARAMILLO",0.88,NA,NA
13,PLAZA,"PASO, JUAN JOSE","OLAGUER Y FELIU, VIRREY - MOLDES - ZABALA - VIAS DEL FCGB",0.906,NA,NA
13,PLAZA,DE LOS COLEGIALES,"MATIENZO, BENJAMIN, TTE. - ZAPIOLA - CONESA - CRAMER",0.98,NA,Puesta en valor 2017/2018
13,PLAZA,CASTELLI,"JURAMENTO - CONDE - ECHEVERRIA - FREIRE, RAMON, CAP. GRL. - VIAS DEL FGBM",1.077,Colocacion de bomba sumergible,NA
13,PLAZA,"BELGRANO, MANUEL, GRAL.",JURAMENTO - CUBA - ECHEVERRIA - VUELTA DE OBLIGADO,1.06,NA,NA
13,PLAZA,ALBERTI,"ARCOS - UGARTE, MANUEL - O'HIGGINS - ROOSEVELT, FRANKLIN D.",1.045,Mejora en patio de juegos,Puesta en valor 2017/2018
13,PLAZA,SAN MIGUEL GARICOITS,"ARREDONDO, VIRREY - DELGADO - VIRREY LORETO - ALVAREZ THOMAS, AV.",1.24,NA,NA
13,PLAZA,PARQUES NACIONALES ARGENTINOS,"ECHEVERRIA - CASTAÑEDA - SUCRE, ANTONIO J. DE, MCAL. - FIGUEROA ALCORTA PRES., AV.",1.42,NA,NA
13,PLAZA,MAFALDA,"CONDE - DUMONT, SANTOS - ARENAL, CONCEPCION - MARTINEZ, ENRIQUE, GRAL.",1.059,NA,NA
13,PLAZA,BARRANCAS DE BELGRANO (1),"VERTIZ, VIRREY, AV. - JURAMENTO - ZAVALIA -ECHEVERRIA / 11 DE SEPTIEMBRE - LA PAMPA -VERTIZ, VIRREY, AV - SUCRE, ANTONIO JOSE DE, MCAL.",4.655,Colocacion de bomba sumergible,NA
13,PLAZA,EL SALVADOR,"MONROE, AV. - BAVIO, ERNESTO A. - RICHIERI, PABLO, TTE. GRAL.",4.406,NA,NA
13,PARQUE,DE LAS AMÉRICAS,"JURAMENTO - FIGUEROA ALCORTA, PRES., AV. - MONROE, AV.- RAMSAY - LICEO ITALIANO - CASTAÑEDA",8.22,NA,NA
13,PARQUE,DE SAN BENITO,"LA PAMPA - LUGONES, LEOPOLDO, AV. - FIGUEROA ALCORTA, PRES., AV.- CIRCULO DE SUB-OFICIALES DE LAS F.A.",11.44,NA,Puesta en valor 2017/2018
13,PATIO URBANO,POLIDEPORTIVO COLEGIALES,MATIENZO Y FREIRE,0.16,NA,NA
13,PLAZA,JOAQUIN SANCHEZ,"VUELTA DE OBLIGADO - JURAMENTO - SAGASTA ISLA, JOSE MARIA",0.16,NA,NA
13,PLAZOLETA,S/D,AV. DEL LIBERTADOR - JOSÉ HERNÁNDEZ - VIRREY DEL PINO,0.035,NA,NA
13,PLAZOLETA,CANIL BARRANCAS,AV. VIRREY VÉRTIZ - MCAL. ANTONIO JOSÉ DE SUCRE - LA PAMPA,0.222,NA,NA
13,PASEO,PASEO RENATA,MANUELA PEDRAZA -MOLDES-CRAMER,0.104,NA,NA
13,VEREDA,E.V.S.D,JUANA AZURDUY - LARRALDE-FFCC,0.15,NA,NA
13,PLAZOLETA,URTUBEY,CDRO. CLODOMIRO URTUBEY Y SUPERÍ,0.041,NA,NA
13,VEREDA VERDE,VEREDA COSTANERA NORTE,DESDE PARQUE DE LA MEMORIA HASTA LA PAMPA,1.28,NA,NA
14,PLAZOLETA,"ABUELO, MIGUEL ","SANTA FE, AV. - CABILDO, AV.- AREVALO",0.17199999999999999,NA,NA
14,PLAZA,ALEMANIA,"DEL LIBERTADOR, AV. - CASARES, AV. - CASTEX - CAVIA",3.891,NA,NA
14,PLAZOLETA,"ALFARO, ELOY","DEL LIBERTADOR, AV. - MIGUELETES - GARCIA, TEODORO",0.05,NA,NA
14,PLAZA,BELGICA,"CASTILLA, RAMON, MCAL. -  AGUADO, ALEJANDRO M. - PROPIEDAD PARTICULAR - FIGUEROA ALCORTA, PRES., AV.",0.19900000000000001,NA,NA
14,PLAZOLETA,"BERNALDO de QUIROS, CESAREO","CASARES, AV. - FIGUEROA ALCORTA, PRES., AV. - GELLY - PROPIEDAD PARTICULAR",0.11799999999999999,NA,NA
14,VEREDA VERDE,BOSQUE ALEGRE,AVENIDA COSTANERA E/SALGUERO Y SARMIENTO,0.83099999999999996,NA,NA
14,CANTERO VERDE,CANTERO VERDE ESTACION METROBUS,Juan B Justo e/Gorriti y Guatemala,0.02,NA,NA
14,PARQUE,"CARRASCO, BENITO J., Ing. Agr.","OBLIGADO, RAFAEL, AV. COSTANERA (MURALLON) -SALGUERO, JERONIMO, PROLONGACION IMAGINARIA - SARMIENTO, AV., PROLONGACION IMAGINARIA  - RIO DE LA PLATA",0.73899999999999999,NA,NA
14,PLAZOLETA,"CARRIEGO, EVARISTO","CHARCAS - DIAZ, CNL., AV. - GUISE - REPUBLICA DOMINICANA",6.2E-2,NA,NA
14,PLAZA,"CASARES, Intendente","SANTA FE, Av. - REPÚBLICA ÁRABE SIRIA - JARDÍN BOTRÁNICO ""CARLOS THAYS""",0.92800000000000005,NA,NA
14,PLAZOLETA,"CASTEX, MARIANO R., Dr.","LAS HERAS, AV. - DIAZ, CNEL., AV. - PACHECO DE MELO, JOSE A.",2.1999999999999999E-2,NA,NA
14,CANTERO CENTRAL,CIUDAD de PIGÜE,"OLLEROS AV.  E/ CAMPOS, LUIS M., AV. Y SOLDADO DE LA INDEPENDENCIA",0.191,Mejora en patio de juegos,Puesta en valor 2017/2018
14,PLAZOLETA,"COBIAN, JUAN CARLOS","TEDIN, JUEZ - SAN MARTIN DE TOURS - ORTIZ DE OCAMPO, AV. - VIAS DEL FCGSM",3.6999999999999998E-2,NA,NA
14,PLAZOLETA,"CORTAZAR, JULIO",SERRANO - HONDURAS,9.9000000000000005E-2,NA,NA
14,PLAZA,"DE ALZAGA, MARTIN","KENNEDY, JOHN F. - CERVIÑO - COLOMBIA, AV.",0.89600000000000002,NA,NA
14,PLAZA,"DE ELIZALDE, RUFINO","DEL LIBERTADOR, AV. - PROPIEDAD PARTICULAR - CASTILLA, RAMON, MCAL. - ELIZALDE, RUFINO DE",0.56399999999999995,NA,NA
14,PLAZOLETA,S/D,CHARCAS e/ GUISE y BULNES,0.1,NA,NA
14,PLAZOLETA,FALUCHO,"SANTA FE, AV. - FITZ ROY - CAMPOS, LUIS M., AV. - DRESCO, ARTURO A.",0.10199999999999999,NA,NA
14,PLAZOLETA,"FRANCINI, ENRIQUE MARIO","LUGONES, LEOPOLDO, AV. - SARMIENTO, AV.",0.64200000000000002,NA,NA
14,PLAZA,GRAND BOURG,"CASTILLA, RAMON, MCAL. - ELIZALDE, RUFINO DE - AGUADO, ALEJANDRO M. DE (MONUMENTO AL ABUELO INMORTAL)",0.48599999999999999,NA,NA
14,PLAZA,GÜEMES,"SALGUERO, JERONIMO - MANSILLA, LUCIO NORBERTO, GRAL. - CHARCAS - MEDRANO, AV.",0.39,NA,NA
14,CANTERO CENTRAL,HIDROAVION BUENOS AIRES,"OBLIGADO, RAFAEL AV. COSTANERA (FRENTE AL AEROPARQUE). EMPLAZADO DENTRO DEL ESPGON PUERTO ARGENTINO",1.1120000000000001,NA,NA
14,JARDÍN,"HUDSON, GUILLERMO ENRIQUE","SARMIENTO, AV. E/ SANTA FE, AV. - DEL LIBERTADOR, AV. (VEREDON DEL ZOOLOGICO)",1.3129999999999999,NA,NA
14,PLAZOLETA,"IGLESIAS PAZ, CESAR","SALGUERO, JERONIMO - SEGUI, JUAN F.",4.9000000000000002E-2,NA,NA
14,PLAZA,ITALIA,"SANTA FE, AV. - LAS HERAS, AV. - BORGES, JORGE LUIS - THAMES",0.76900000000000002,NA,NA
14,PARQUE,"LAS HERAS, JUAN GREGORIO de, Gral.","LAS HERAS, AV. - DIAZ, CNEL., AV. - JUNCAL - SALGUERO, JERONIMO",7.4409999999999998,NA,NA
14,GRANDES ESPACIOS,LINEAL BULLRICH,"AV LIBERTADOR, SANTA FE, BULLRICH",3.2,NA,NA
14,PLAZOLETA,LUNA DE ENFRENTE,GURRUCHAGA  Y SOLER,3.6999999999999998E-2,NA,NA
14,PLAZOLETA,"MARTINEZ, ENRIQUE, Brig. Gral., Don","CASARES, AV. - CASTEX - GELLY",0.189,NA,NA
14,PLAZOLETA,"MERCADER, EMIR E., Dr.","OLLEROS, AV.  E/ MIGUELETES Y DEL LIBERTADOR, AV.",9.8000000000000004E-2,NA,NA
14,PLAZOLETA,MONTE ARARAT,"CHARCAS - SALGUERO, JERONIMO - VIDT",0.10299999999999999,NA,NA
14,PLAZOLETA,"MORRIS, WILLIAM C.",URIARTE - DARREGUEYRA - GUATEMALA - SOLER,4.2999999999999997E-2,Mejora en patio de juegos,Puesta en valor 2017/2018
14,PATIO PORTEÑO,NICETO VEGA,Niceto Vega,2.9000000000000001E-2,Mejora en patio de juegos,Puesta en valor 2017/2018
14,CANTERO CENTRAL,"NOBLE, ROBERTO",Bv. Cerviño e/Republica Árabe Siria y Ugarteche,0.29399999999999998,NA,NA
14,PLAZA,INMIGRANTES DE ARMENIA,MALABIA - COSTA RICA - ARMENIA - NICARAGUA,1.089,Mejora en patio de juegos,Puesta en valor 2017/2018
14,PATIO PORTEÑO,PATIO CARRANZA,AVENIDA SANTA FE Y CARRANZA,0.161,NA,NA
14,PLAZOLETA,"PETION, ALEJANDRO","FIGUEROA ALCORTA, PRES., AV. - AGUADO, ALEJANDRO M. DE - ORTIZ DE OCAMPO, AV.",8.3000000000000004E-2,NA,NA
14,JARDÍN,"PITA, HERNAN C. Cnel.  Y PEDERNERA, FEDERICO  A. J. Tte. Cnel. ","SARMIENTO, AV. E/ SANTA FE, AV. Y COLOMBIA (Veredón Sociedad Rural Argentina)",1.84,NA,NA
14,PLAZOLETA,"PRODÁN, LUCA","FRAY, JUSTO SANTA MARÍA de ORO - URIARTE - COSTA RICA - EL SALVADOR",0.01,NA,NA
14,PLAZOLETA,"RACEDO, EDUARDO, Tte. Gral.","FIGUEROA ALCORTA, PRES. AV. - CASTILLA, RAMON, MCAL. - AGUADO, ALEJANDRO M.",5.6000000000000001E-2,NA,NA
14,PLAZA,REPUBLICA de CHILE,"DEL LIBERTADOR, AV. - TAGLE - PROPIEDAD PARTICULAR - FIGUEROA ALCORTA, PRES., AV. - CASTILLA, RAMON, MCAL.",3.6779999999999999,NA,NA
14,PLAZA,REPÚBLICA del PERÚ,"SALGUERO, JERONIMO  - CORONADO, MARTIN - FIGUEROA ALCORTA, PRES., AV.",MALBA,NA,Puesta en valor 2017/2018
14,PLAZOLETA,"RIEGO Y NUÑEZ, RAFAEL DE, Gral.",O'HIGGINS - CESPEDES - ARCOS,6.9000000000000006E-2,Mejora en patio de juegos,Puesta en valor 2017/2018
14,PLAZOLETA,"RIZZUTO, FRANCISCO ANTONIO","OLLEROS, AV.  E/ SOLDADO DE LA INDEPENDENCIA Y MIGUELETES",9.9000000000000005E-2,NA,NA
14,CANTERO CENTRAL,S/D,AVENIDA SANTA FE Y CRUZ ORO,8.0000000000000002E-3,NA,NA
14,CANTERO CENTRAL,S/D,AVENIDA SANTA FE 5200,1.4E-2,NA,NA
14,PLAZOLETA,S/D,AV DEL LIBERTADOR ENTRE SARMIENTO Y DORREGO,0.20499999999999999,NA,NA
14,PLAZOLETA,S/D,RUGGIERI Y CERVIÑO,3.5999999999999997E-2,NA,NA
14,PLAZOLETA,S/D,CHONINO DE SALGUERO A CASARES,4.4999999999999998E-2,NA,NA
14,PATIO PORTEÑO,PATIO PORTEÑO PARAGUAY,PARAGUAY 5180,4.9000000000000002E-2,Mejora en patio de juegos,Puesta en valor 2017/2018
14,PLAZA,S/D,AVENIDA JUAN B. JUSTO-CORDOBA-DARWIN,7.0000000000000007E-2,NA,NA
14,PLAZOLETA,S/D,Mcal Ramón Castilla - Rufino de Elizalde - Alejandro M. de Aguado,7.0999999999999994E-2,NA,NA
14,PLAZOLETA,S/D,Dorrego - Vias FFCC - Estacionamiento Hipódromo,0.11,NA,NA
14,PLAZA,S/D,Cramer e/Matienzo y Santos Dumont,0.22700000000000001,NA,NA
14,PLAZA,S/D,Rafael Obligado - Salguero - Autopista Illia (Divisores de tránsito Costanera Norte),0.64200000000000002,NA,NA
14,VEREDA VERDE,S/D,Av. Rafael Obligado (Vereda Lado Rio) e/Salguero y Linea Imaginaria),4.2,NA,NA
14,PLAZOLETA,SAN VLADIMIRO,CHARCAS - BULNES - REPUBLICA DOMINICANA - VIDT,0.16200000000000001,NA,NA
14,PLAZA,"SEEBER, FRANCISCO, Intendente","SARMIENTO, AV. - KENNEDY, JOHN F. - DEL LIBERTADOR, AV. - COLOMBIA, AV.",5.76,NA,NA
14,PLAZA,"SOBRAL, JOSE MARIA, Alferez","LAS HERAS, AV. - SCALABRINI ORTIZ, RAUL, AV. - CABELLO - SALGUERO, JERONIMO",0.71,Mejora en patio de juegos,Puesta en valor 2017/2018
14,CANTERO CENTRAL,"TROILO, ANIBAL","SANTA FE, AV.  E/ THAMES Y ORO, FRAY JUSTO SANTA MARIA DE",8.5000000000000006E-2,NA,NA
14,PLAZA,UNIDAD LATINOAMERICANA,"MEDRANO - EL SALVADOR - COSTA RICA - ACUÑA de FIGUEROA, FRANCISCO",1.143,NA,NA
14,CANTERO CENTRAL,"VARELA, HECTOR",Chenaut e/Luis M. Campos y Campo de polo,0.27900000000000003,NA,NA
14,VEREDA VERDE,VEREDA POLICIA,AV FIGUEROA ALCORTA ENTRE CAVIA Y CASARES,0.38200000000000001,NA,NA
14,VEREDA VERDE,VEREDON AEROPUERTOS 2000,AVENIDA COSTANERA LADO AEROPARQUE,2.9780000000000002,NA,NA
14,PLAZOLETA,S/D,"DEL LIBERTADOR, AV. - SARMIENTO, AV. (FRENTE MONUMENTO A LOS ESPA¤OLES)",0.23,NA,NA
14,PLAZOLETA,"ZINNY, ANTONIO ABRAHAM",GORRITI - GASCON,3.7999999999999999E-2,NA,NA
14,PLAZOLETA,S/D,DORREGO 2755,4.0000000000000001E-3,NA,NA
14,PLAZOLETA,S/D,AREVALO Y NICARAGUA,3.5000000000000003E-2,NA,NA
15,PLAZA,"24 DE SEPTIEMBRE, BATALLA DE TUCUMAN","SAN MARTIN, AV. - FIGUEROA, APOLINARIO, CNEL. - ROJAS - ANTESANA",1.117,NA,NA
15,PLAZA,25 DE AGOSTO,HEREDIA - 14 DE JULIO - GIRIBONE - CHARLONE,1.403,NA,NA
15,PLAZOLETA,"AMISTAD, DE LA ","DORREGO, AV. - MUÑECAS - SUSINI, ANTONIO, CNEL.",0.03,NA,NA
15,PLAZOLETA,"BENEDIT, SALVADOR","MURILLO - SCALABRIN DE ORTIZ, R., Av. - WARNES. Av.",0.003,NA,NA
15,PLAZOLETA,"BESTEIRO, JULIAN","WARNES - PUNTA ARENAS - DE LOS CONSTITUYENTES, AV.",0.173,NA,NA
15,CANTERO CENTRAL,"CAÑADA, GASPAR, Padre","DEL CAMPO, AV.  e/ PAZ SOLDÁN Y GARMENDIA",0.289,NA,NA
15,NA,CEMENTERIO DE LA CHACARITA,GUZMAN AV. 680,0.3,NA,NA
15,PLAZOLETA,"CHAS, VICENTE (Denominaci¢n propuesta)","AVALOS - VICTORICA B., GRAL., AV. - GANDARA",0.066,NA,NA
15,PLAZOLETA,"CHAZARRETA, ANDRES",BARZANA - MOSCU - BELGRADO (BARRIO PARQUE CHAS),0.142,NA,NA
15,PLAZOLETA,"CIRIGLIANO, SEVERINO JOSE, Subcrio.","FOREST, AV. - OLLEROS - GUEVARA",0.008,NA,NA
15,PLAZOLETA,COLONIA ESPERANZA,"CORDOBA, AV.  6588/6600 Y LACROZE,  FEDERICO, AV.",0.093,NA,NA
15,PLAZOLETA,"COMASTRI, AGUSTIN","CORDOBA, AV. - BONPLAND",0.0878,NA,NA
15,CANTERO CENTRAL,CORTO MALTES,"CHORROARIN, AV. E/ MONTENEGRO Y COMBATIENTES DE MALVINAS",0.0562,NA,NA
15,CANTERO CENTRAL,DE LA HISTORIETA,"CHORROARIN, AV. E/ TRIUNVIRATO, AV. Y CALDAS",0.0562,NA,NA
15,CANTERO CENTRAL,DE LA LEALTAD,"ALVAREZ, DONATO, TTE. GRAL., AV.  E/ TRELLES, MANUEL R. Y AÑASCO",0.03,NA,NA
15,PLAZOLETA,"DE LA PUA, CARLOS","ARTIGAS, JOSE G., GRAL. - RIVAROLA, PANTALEON",0.058,NA,NA
15,PATIO RECREATIVO,PATIO GURRUCHAGA,GURRUCHAGA 1078,0.1,Reparacion de escalera principal,NA
15,CANTERO CENTRAL,DON FULGENCIO,"CHORROARIN, AV. E/ CALDAS Y GIRARDOT",0.0562,NA,NA
15,PLAZA,EXODO JUJEÑO,GANDARA - BAUNESS - LIVERPOOL - LONDRES - BARRIO PARQUE CHAS),0.344,Mejora en patio de juegos,Puesta en valor 2017/2018
15,CANTERO CENTRAL,"FILIPINAS, PASEO REPUBLICA de ","DE LOS INCAS, AV.  E/ ALVAREZ THOMAS AV.  Y FOREST AV.",0.291,NA,NA
15,PLAZOLETA,"FLORES, CELEDONIO ESTEBAN","CORDOBA, AV. - LACROZE, FEDERICO AV.",0.033,NA,NA
15,CANTERO CENTRAL,"FRESEDO, OSVALDO","DEL CAMPO, AV.  e/ PAZ SOLDÁN Y Vías FFCC",0.16,NA,NA
15,PLAZOLETA,"GLEYZER, RAYMUNDO","ALVAREZ, DONATOGral. Av. -  ESPINOSA - GARCÍA, JUÁN AGUSTÍN",0.02,NA,NA
15,PLAZOLETA,"HIRSCH, MAURICIO BARON DE","WARNES, AV. - PADILLA - ALVAREZ, JULIAN",0.0267,NA,NA
15,PLAZA,JAMAICA,BURELA - MOSCU - ESTOCOLMO (BARRIO PARQUE CHAS),0.0648,NA,NA
15,PLAZOLETA,"KOCH, ROBERTO, Dr.","CHORROARIN, AV. - COMBATIENTES DE MALVINAS - DONADO",0.015,NA,NA
15,PLAZA,"MALAVER , ANTONIO",MONTENEGRO - ESTOMBA - GIRARDOT - HEREDIA - prop. part.,1.1735,Mejora en patio de juegos,Puesta en valor 2017/2018
15,PLAZOLETA,S/D,"CÓRDOBA, Av. -DARWIN - Vías fel FCGSM",0.0124,NA,NA
15,PLAZOLETA,NAVARRA,"SAN MARTIN, AV. - CHORROARIN, AV. - CITTADINI, B.",0.1191,NA,NA
15,PLAZA,"NAZAR, BENITO, Gral.","VIRASORO, VALENTIN - FIGUEROA, APOLINARIO, CNEL. - OLAYA - ANTEZANA",0.939,NA,NA
15,PLAZA,"NOBEL, ALFREDO, Dr.",HAMBURGO - BUCAREST - BURELA - TURIN (BARRIO PQUE.CHAS),0.367,Mejora en patio de juegos,Puesta en valor 2017/2018
15,JARDÍN,PASEO DE LA CHACARITA DE LOS COLEGIALES,"NEWBERY, JORGE, AV. E/ GUZMAN, AV. Y WARNES, AV.",2.21,NA,Puesta en valor 2017/2018
15,PLAZOLETA,PASEO DE LA VECINDAD (denominación propuesta),GIRIBONE - PROPIEDAD PARTICULAR -PLAZA,0.045,NA,NA
15,CANTERO CENTRAL,PATURUZÚ,"CHORROARIN, AV. E/ GIRARDOT Y MONTENEGRO (NORTE)",0.0562,NA,NA
15,PLAZOLETA,REYES ALFONSO,TRONADOR 702,0.015,NA,NA
15,PATIO RECREATIVO,"RINCÓN DE LAS ARTES ""ERNESTO URFEIG""",Av. Cordoba 6290,0.0279,NA,NA
15,PLAZOLETA,S/D,AV CHORROARIN ENTRE VIAS FFC Y MORLOTE,0.5,NA,NA
15,CANTERO CENTRAL,S/D,"CORRIENTES, AV.  E/ LACROZE, FEDERICO AV. Y JORGE NEWBERY AV.",0.404,NA,NA
15,PLAZOLETA,S/D,GUZMAN Y LACROZE ENTRE CEMENTERIO Y ESTACION FFCC,0.1,NA,NA
15,PLAZOLETA,HOGAR DE NIÑAS,PUNTA ARENAS 1301,0.164,NA,NA
15,PLAZOLETA,S/D,GARMENDIA - OSORIO - AVALOS,0.015,NA,NA
15,PLAZOLETA,S/D,"CORRIENTES, Av. - SCALABRINI ORTIZ, R., Av. - DRAGO, LUISM.",0.0124,NA,NA
15,PLAZOLETA,S/D,Paz Soldan 5197,0.011,NA,NA
15,CANTERO CENTRAL,S/D,H.Pueyrredon 1100-1900,0.34,NA,NA
15,PLAZOLETA,S/D,Jufré 1189  ,0.012,NA,NA
15,PLAZOLETA,S/D,FITZ ROY 100,0.006,NA,NA
15,PLAZOLETA,"SANTORO, ROBERTO JORGE","FOREST, AV. - FRAGA - TEODORO GARCIA",0.0634,NA,NA
15,PLAZA,"SARMIENTO, DOMINGO FIDEL, Cap.",GANDARA - GAMARRA - MARSELLA - BERLIN (BARRIO PAQUE CHAS),0.308,NA,NA
15,CANTERO CENTRAL,TRIC Y TRAKE,"CHORROARÍN, Av. e/ GIRARDOT Y MONTENEGRO (SUR)",0.0562,NA,NA
15,PLAZOLETA,"VIGIL, CONSTANCIO C.","PUEYRREDON, HONORIO, AV. - WARNES, AV. - BATALLA DEL PARI",0.0857,NA,NA
15,PLAZA ,S/D,GIRIBONE - CESPEDES,NA,NA,Espacio nuevo
